Fitter report for QuarterRound_ref
Sat Dec  7 15:53:14 2024
Quartus Prime Version 23.1std.1 Build 993 05/14/2024 SC Lite Edition


---------------------
; Table of Contents ;
---------------------
  1. Legal Notice
  2. Fitter Summary
  3. Fitter Settings
  4. Parallel Compilation
  5. Incremental Compilation Preservation Summary
  6. Incremental Compilation Partition Settings
  7. Incremental Compilation Placement Preservation
  8. Fitter Resource Usage Summary
  9. Input Pins
 10. Output Pins
 11. Dual Purpose and Dedicated Pins
 12. I/O Bank Usage
 13. All Package Pins
 14. I/O Assignment Warnings
 15. Fitter Resource Utilization by Entity
 16. Delay Chain Summary
 17. Pad To Core Delay Chain Fanout
 18. Control Signals
 19. Global & Other Fast Signals
 20. I/O Rules Summary
 21. I/O Rules Details
 22. I/O Rules Matrix
 23. Fitter Device Options
 24. Operating Settings and Conditions
 25. Fitter Messages
 26. Fitter Suppressed Messages



----------------
; Legal Notice ;
----------------
Copyright (C) 2024  Intel Corporation. All rights reserved.
Your use of Intel Corporation's design tools, logic functions 
and other software and tools, and any partner logic 
functions, and any output files from any of the foregoing 
(including device programming or simulation files), and any 
associated documentation or information are expressly subject 
to the terms and conditions of the Intel Program License 
Subscription Agreement, the Intel Quartus Prime License Agreement,
the Intel FPGA IP License Agreement, or other applicable license
agreement, including, without limitation, that your use is for
the sole purpose of programming logic devices manufactured by
Intel and sold by Intel or its authorized distributors.  Please
refer to the applicable agreement for further details, at
https://fpgasoftware.intel.com/eula.



+-------------------------------------------------------------------------------------+
; Fitter Summary                                                                      ;
+------------------------------------+------------------------------------------------+
; Fitter Status                      ; Failed - Sat Dec  7 15:53:14 2024              ;
; Quartus Prime Version              ; 23.1std.1 Build 993 05/14/2024 SC Lite Edition ;
; Revision Name                      ; QuarterRound_ref                               ;
; Top-level Entity Name              ; QuarterRound_ref                               ;
; Family                             ; Cyclone IV E                                   ;
; Device                             ; EP4CE15F17C9L                                  ;
; Timing Models                      ; Final                                          ;
; Total logic elements               ; 451 / 15,408 ( 3 % )                           ;
;     Total combinational functions  ; 442 / 15,408 ( 3 % )                           ;
;     Dedicated logic registers      ; 203 / 15,408 ( 1 % )                           ;
; Total registers                    ; 203                                            ;
; Total pins                         ; 259 / 166 ( 156 % )                            ;
; Total virtual pins                 ; 0                                              ;
; Total memory bits                  ; 0 / 516,096 ( 0 % )                            ;
; Embedded Multiplier 9-bit elements ; 0 / 112 ( 0 % )                                ;
; Total PLLs                         ; 0 / 4 ( 0 % )                                  ;
+------------------------------------+------------------------------------------------+


+----------------------------------------------------------------------------------------------------------------------------------------------------+
; Fitter Settings                                                                                                                                    ;
+--------------------------------------------------------------------+---------------------------------------+---------------------------------------+
; Option                                                             ; Setting                               ; Default Value                         ;
+--------------------------------------------------------------------+---------------------------------------+---------------------------------------+
; Device                                                             ; EP4CE15F17C9L                         ;                                       ;
; Nominal Core Supply Voltage                                        ; 1.0V                                  ;                                       ;
; Minimum Core Junction Temperature                                  ; 0                                     ;                                       ;
; Maximum Core Junction Temperature                                  ; 85                                    ;                                       ;
; Fit Attempts to Skip                                               ; 0                                     ; 0.0                                   ;
; Use smart compilation                                              ; Off                                   ; Off                                   ;
; Enable parallel Assembler and Timing Analyzer during compilation   ; On                                    ; On                                    ;
; Enable compact report table                                        ; Off                                   ; Off                                   ;
; Auto Merge PLLs                                                    ; On                                    ; On                                    ;
; Router Timing Optimization Level                                   ; Normal                                ; Normal                                ;
; Perform Clocking Topology Analysis During Routing                  ; Off                                   ; Off                                   ;
; Placement Effort Multiplier                                        ; 1.0                                   ; 1.0                                   ;
; Router Effort Multiplier                                           ; 1.0                                   ; 1.0                                   ;
; Optimize Hold Timing                                               ; All Paths                             ; All Paths                             ;
; Optimize Multi-Corner Timing                                       ; On                                    ; On                                    ;
; Power Optimization During Fitting                                  ; Normal compilation                    ; Normal compilation                    ;
; SSN Optimization                                                   ; Off                                   ; Off                                   ;
; Optimize Timing                                                    ; Normal compilation                    ; Normal compilation                    ;
; Optimize Timing for ECOs                                           ; Off                                   ; Off                                   ;
; Regenerate Full Fit Report During ECO Compiles                     ; Off                                   ; Off                                   ;
; Optimize IOC Register Placement for Timing                         ; Normal                                ; Normal                                ;
; Limit to One Fitting Attempt                                       ; Off                                   ; Off                                   ;
; Final Placement Optimizations                                      ; Automatically                         ; Automatically                         ;
; Fitter Aggressive Routability Optimizations                        ; Automatically                         ; Automatically                         ;
; Fitter Initial Placement Seed                                      ; 1                                     ; 1                                     ;
; Periphery to Core Placement and Routing Optimization               ; Off                                   ; Off                                   ;
; PCI I/O                                                            ; Off                                   ; Off                                   ;
; Weak Pull-Up Resistor                                              ; Off                                   ; Off                                   ;
; Enable Bus-Hold Circuitry                                          ; Off                                   ; Off                                   ;
; Auto Packed Registers                                              ; Auto                                  ; Auto                                  ;
; Auto Delay Chains                                                  ; On                                    ; On                                    ;
; Auto Delay Chains for High Fanout Input Pins                       ; Off                                   ; Off                                   ;
; Allow Single-ended Buffer for Differential-XSTL Input              ; Off                                   ; Off                                   ;
; Treat Bidirectional Pin as Output Pin                              ; Off                                   ; Off                                   ;
; Perform Physical Synthesis for Combinational Logic for Fitting     ; Off                                   ; Off                                   ;
; Perform Physical Synthesis for Combinational Logic for Performance ; Off                                   ; Off                                   ;
; Perform Register Duplication for Performance                       ; Off                                   ; Off                                   ;
; Perform Logic to Memory Mapping for Fitting                        ; Off                                   ; Off                                   ;
; Perform Register Retiming for Performance                          ; Off                                   ; Off                                   ;
; Perform Asynchronous Signal Pipelining                             ; Off                                   ; Off                                   ;
; Fitter Effort                                                      ; Auto Fit                              ; Auto Fit                              ;
; Physical Synthesis Effort Level                                    ; Normal                                ; Normal                                ;
; Logic Cell Insertion - Logic Duplication                           ; Auto                                  ; Auto                                  ;
; Auto Register Duplication                                          ; Auto                                  ; Auto                                  ;
; Auto Global Clock                                                  ; On                                    ; On                                    ;
; Auto Global Register Control Signals                               ; On                                    ; On                                    ;
; Reserve all unused pins                                            ; As input tri-stated with weak pull-up ; As input tri-stated with weak pull-up ;
; Synchronizer Identification                                        ; Auto                                  ; Auto                                  ;
; Enable Beneficial Skew Optimization                                ; On                                    ; On                                    ;
; Optimize Design for Metastability                                  ; On                                    ; On                                    ;
; Force Fitter to Avoid Periphery Placement Warnings                 ; Off                                   ; Off                                   ;
; Enable input tri-state on active configuration pins in user mode   ; Off                                   ; Off                                   ;
+--------------------------------------------------------------------+---------------------------------------+---------------------------------------+


+------------------------------------------+
; Parallel Compilation                     ;
+----------------------------+-------------+
; Processors                 ; Number      ;
+----------------------------+-------------+
; Number detected on machine ; 12          ;
; Maximum allowed            ; 12          ;
;                            ;             ;
; Average used               ; 1.00        ;
; Maximum used               ; 1           ;
;                            ;             ;
; Usage by Processor         ; % Time Used ;
;     Processor 1            ; 100.0%      ;
+----------------------------+-------------+


+---------------------------------------------------------------------------------------------------+
; Incremental Compilation Preservation Summary                                                      ;
+---------------------+---------------------+----------------------------+--------------------------+
; Type                ; Total [A + B]       ; From Design Partitions [A] ; From Rapid Recompile [B] ;
+---------------------+---------------------+----------------------------+--------------------------+
; Placement (by node) ;                     ;                            ;                          ;
;     -- Requested    ; 0.00 % ( 0 / 1175 ) ; 0.00 % ( 0 / 1175 )        ; 0.00 % ( 0 / 1175 )      ;
;     -- Achieved     ; 0.00 % ( 0 / 1175 ) ; 0.00 % ( 0 / 1175 )        ; 0.00 % ( 0 / 1175 )      ;
;                     ;                     ;                            ;                          ;
; Routing (by net)    ;                     ;                            ;                          ;
;     -- Requested    ; 0.00 % ( 0 / 0 )    ; 0.00 % ( 0 / 0 )           ; 0.00 % ( 0 / 0 )         ;
;     -- Achieved     ; 0.00 % ( 0 / 0 )    ; 0.00 % ( 0 / 0 )           ; 0.00 % ( 0 / 0 )         ;
+---------------------+---------------------+----------------------------+--------------------------+


+----------------------------------------------------------------------------------------------------------------------------------------------------------------------------------------+
; Incremental Compilation Partition Settings                                                                                                                                             ;
+--------------------------------+----------------+-------------------+-------------------------+------------------------+------------------------------+--------------------------------+
; Partition Name                 ; Partition Type ; Netlist Type Used ; Preservation Level Used ; Netlist Type Requested ; Preservation Level Requested ; Contents                       ;
+--------------------------------+----------------+-------------------+-------------------------+------------------------+------------------------------+--------------------------------+
; Top                            ; User-created   ; Source File       ; N/A                     ; Source File            ; N/A                          ;                                ;
; hard_block:auto_generated_inst ; Auto-generated ; Source File       ; N/A                     ; Source File            ; N/A                          ; hard_block:auto_generated_inst ;
+--------------------------------+----------------+-------------------+-------------------------+------------------------+------------------------------+--------------------------------+


+------------------------------------------------------------------------------------------------------------------------------------+
; Incremental Compilation Placement Preservation                                                                                     ;
+--------------------------------+-----------------------+-------------------------+-------------------+---------------------+-------+
; Partition Name                 ; Preservation Achieved ; Preservation Level Used ; Netlist Type Used ; Preservation Method ; Notes ;
+--------------------------------+-----------------------+-------------------------+-------------------+---------------------+-------+
; Top                            ; 0.00 % ( 0 / 1165 )   ; N/A                     ; Source File       ; N/A                 ;       ;
; hard_block:auto_generated_inst ; 0.00 % ( 0 / 10 )     ; N/A                     ; Source File       ; N/A                 ;       ;
+--------------------------------+-----------------------+-------------------------+-------------------+---------------------+-------+


+--------------------------------------------------------------------+
; Fitter Resource Usage Summary                                      ;
+---------------------------------------------+----------------------+
; Resource                                    ; Usage                ;
+---------------------------------------------+----------------------+
; Total logic elements                        ; 451 / 15,408 ( 3 % ) ;
;     -- Combinational with no register       ; 248                  ;
;     -- Register only                        ; 9                    ;
;     -- Combinational with a register        ; 194                  ;
;                                             ;                      ;
; Logic element usage by number of LUT inputs ;                      ;
;     -- 4 input functions                    ; 399                  ;
;     -- 3 input functions                    ; 33                   ;
;     -- <=2 input functions                  ; 10                   ;
;     -- Register only                        ; 9                    ;
;                                             ;                      ;
; Logic elements by mode                      ;                      ;
;     -- normal mode                          ; 411                  ;
;     -- arithmetic mode                      ; 31                   ;
;                                             ;                      ;
; Total registers*                            ; 203 / 16,166 ( 1 % ) ;
;     -- Dedicated logic registers            ; 203 / 15,408 ( 1 % ) ;
;     -- I/O registers                        ; 0 / 758 ( 0 % )      ;
;                                             ;                      ;
; Total LABs                                  ; Not available        ;
; Virtual pins                                ; 0                    ;
; I/O pins                                    ; 259 / 166 ( 156 % )  ;
;     -- Clock pins                           ; 0 / 7 ( 0 % )        ;
;     -- Dedicated input pins                 ; 0 / 9 ( 0 % )        ;
;                                             ;                      ;
; M9Ks                                        ; 0 / 56 ( 0 % )       ;
; Total block memory bits                     ; 0 / 516,096 ( 0 % )  ;
; Total block memory implementation bits      ; 0 / 516,096 ( 0 % )  ;
; Embedded Multiplier 9-bit elements          ; 0 / 112 ( 0 % )      ;
; PLLs                                        ; 0 / 4 ( 0 % )        ;
; Global signals                              ; 2                    ;
;     -- Global clocks                        ; 2 / 20 ( 10 % )      ;
; JTAGs                                       ; 0 / 1 ( 0 % )        ;
; CRC blocks                                  ; 0 / 1 ( 0 % )        ;
; ASMI blocks                                 ; 0 / 1 ( 0 % )        ;
; Oscillator blocks                           ; 0 / 1 ( 0 % )        ;
; Impedance control blocks                    ; 0 / 4 ( 0 % )        ;
; Maximum fan-out                             ; 203                  ;
; Highest non-global fan-out                  ; 168                  ;
; Total fan-out                               ; 2876                 ;
; Average fan-out                             ; 2.45                 ;
+---------------------------------------------+----------------------+
*  Register count does not include registers inside RAM blocks or DSP blocks.



+-------------------------------------------------------------------------------------------------------------------------------------------------------------------------------------------------------------------------------------------------------+
; Input Pins                                                                                                                                                                                                                                            ;
+--------------+------------+----------+-----------------------+--------------------+--------+----------------+---------------+-----------------+----------+--------------+--------------+---------------------------+----------------------+-----------+
; Name         ; Pin #      ; I/O Bank ; Combinational Fan-Out ; Registered Fan-Out ; Global ; Input Register ; Power Up High ; PCI I/O Enabled ; Bus Hold ; Weak Pull Up ; I/O Standard ; Termination Control Block ; Location assigned by ; Slew Rate ;
+--------------+------------+----------+-----------------------+--------------------+--------+----------------+---------------+-----------------+----------+--------------+--------------+---------------------------+----------------------+-----------+
; A[0]         ; Unassigned ; --       ; 1                     ; 0                  ; no     ; no             ; no            ; yes             ; no       ; Off          ; 2.5 V        ; --                        ; Fitter               ; no        ;
; A[10]        ; Unassigned ; --       ; 1                     ; 0                  ; no     ; no             ; no            ; yes             ; no       ; Off          ; 2.5 V        ; --                        ; Fitter               ; no        ;
; A[11]        ; Unassigned ; --       ; 1                     ; 0                  ; no     ; no             ; no            ; yes             ; no       ; Off          ; 2.5 V        ; --                        ; Fitter               ; no        ;
; A[12]        ; Unassigned ; --       ; 1                     ; 0                  ; no     ; no             ; no            ; yes             ; no       ; Off          ; 2.5 V        ; --                        ; Fitter               ; no        ;
; A[13]        ; Unassigned ; --       ; 1                     ; 0                  ; no     ; no             ; no            ; yes             ; no       ; Off          ; 2.5 V        ; --                        ; Fitter               ; no        ;
; A[14]        ; Unassigned ; --       ; 1                     ; 0                  ; no     ; no             ; no            ; yes             ; no       ; Off          ; 2.5 V        ; --                        ; Fitter               ; no        ;
; A[15]        ; Unassigned ; --       ; 1                     ; 0                  ; no     ; no             ; no            ; yes             ; no       ; Off          ; 2.5 V        ; --                        ; Fitter               ; no        ;
; A[16]        ; Unassigned ; --       ; 1                     ; 0                  ; no     ; no             ; no            ; yes             ; no       ; Off          ; 2.5 V        ; --                        ; Fitter               ; no        ;
; A[17]        ; Unassigned ; --       ; 1                     ; 0                  ; no     ; no             ; no            ; yes             ; no       ; Off          ; 2.5 V        ; --                        ; Fitter               ; no        ;
; A[18]        ; Unassigned ; --       ; 1                     ; 0                  ; no     ; no             ; no            ; yes             ; no       ; Off          ; 2.5 V        ; --                        ; Fitter               ; no        ;
; A[19]        ; Unassigned ; --       ; 1                     ; 0                  ; no     ; no             ; no            ; yes             ; no       ; Off          ; 2.5 V        ; --                        ; Fitter               ; no        ;
; A[1]         ; Unassigned ; --       ; 1                     ; 0                  ; no     ; no             ; no            ; yes             ; no       ; Off          ; 2.5 V        ; --                        ; Fitter               ; no        ;
; A[20]        ; Unassigned ; --       ; 1                     ; 0                  ; no     ; no             ; no            ; yes             ; no       ; Off          ; 2.5 V        ; --                        ; Fitter               ; no        ;
; A[21]        ; Unassigned ; --       ; 1                     ; 0                  ; no     ; no             ; no            ; yes             ; no       ; Off          ; 2.5 V        ; --                        ; Fitter               ; no        ;
; A[22]        ; Unassigned ; --       ; 1                     ; 0                  ; no     ; no             ; no            ; yes             ; no       ; Off          ; 2.5 V        ; --                        ; Fitter               ; no        ;
; A[23]        ; Unassigned ; --       ; 1                     ; 0                  ; no     ; no             ; no            ; yes             ; no       ; Off          ; 2.5 V        ; --                        ; Fitter               ; no        ;
; A[24]        ; Unassigned ; --       ; 1                     ; 0                  ; no     ; no             ; no            ; yes             ; no       ; Off          ; 2.5 V        ; --                        ; Fitter               ; no        ;
; A[25]        ; Unassigned ; --       ; 1                     ; 0                  ; no     ; no             ; no            ; yes             ; no       ; Off          ; 2.5 V        ; --                        ; Fitter               ; no        ;
; A[26]        ; Unassigned ; --       ; 1                     ; 0                  ; no     ; no             ; no            ; yes             ; no       ; Off          ; 2.5 V        ; --                        ; Fitter               ; no        ;
; A[27]        ; Unassigned ; --       ; 1                     ; 0                  ; no     ; no             ; no            ; yes             ; no       ; Off          ; 2.5 V        ; --                        ; Fitter               ; no        ;
; A[28]        ; Unassigned ; --       ; 1                     ; 0                  ; no     ; no             ; no            ; yes             ; no       ; Off          ; 2.5 V        ; --                        ; Fitter               ; no        ;
; A[29]        ; Unassigned ; --       ; 1                     ; 0                  ; no     ; no             ; no            ; yes             ; no       ; Off          ; 2.5 V        ; --                        ; Fitter               ; no        ;
; A[2]         ; Unassigned ; --       ; 1                     ; 0                  ; no     ; no             ; no            ; yes             ; no       ; Off          ; 2.5 V        ; --                        ; Fitter               ; no        ;
; A[30]        ; Unassigned ; --       ; 1                     ; 0                  ; no     ; no             ; no            ; yes             ; no       ; Off          ; 2.5 V        ; --                        ; Fitter               ; no        ;
; A[31]        ; Unassigned ; --       ; 1                     ; 0                  ; no     ; no             ; no            ; yes             ; no       ; Off          ; 2.5 V        ; --                        ; Fitter               ; no        ;
; A[3]         ; Unassigned ; --       ; 1                     ; 0                  ; no     ; no             ; no            ; yes             ; no       ; Off          ; 2.5 V        ; --                        ; Fitter               ; no        ;
; A[4]         ; Unassigned ; --       ; 1                     ; 0                  ; no     ; no             ; no            ; yes             ; no       ; Off          ; 2.5 V        ; --                        ; Fitter               ; no        ;
; A[5]         ; Unassigned ; --       ; 1                     ; 0                  ; no     ; no             ; no            ; yes             ; no       ; Off          ; 2.5 V        ; --                        ; Fitter               ; no        ;
; A[6]         ; Unassigned ; --       ; 1                     ; 0                  ; no     ; no             ; no            ; yes             ; no       ; Off          ; 2.5 V        ; --                        ; Fitter               ; no        ;
; A[7]         ; Unassigned ; --       ; 1                     ; 0                  ; no     ; no             ; no            ; yes             ; no       ; Off          ; 2.5 V        ; --                        ; Fitter               ; no        ;
; A[8]         ; Unassigned ; --       ; 1                     ; 0                  ; no     ; no             ; no            ; yes             ; no       ; Off          ; 2.5 V        ; --                        ; Fitter               ; no        ;
; A[9]         ; Unassigned ; --       ; 1                     ; 0                  ; no     ; no             ; no            ; yes             ; no       ; Off          ; 2.5 V        ; --                        ; Fitter               ; no        ;
; B[0]         ; Unassigned ; --       ; 1                     ; 0                  ; no     ; no             ; no            ; yes             ; no       ; Off          ; 2.5 V        ; --                        ; Fitter               ; no        ;
; B[10]        ; Unassigned ; --       ; 1                     ; 0                  ; no     ; no             ; no            ; yes             ; no       ; Off          ; 2.5 V        ; --                        ; Fitter               ; no        ;
; B[11]        ; Unassigned ; --       ; 1                     ; 0                  ; no     ; no             ; no            ; yes             ; no       ; Off          ; 2.5 V        ; --                        ; Fitter               ; no        ;
; B[12]        ; Unassigned ; --       ; 1                     ; 0                  ; no     ; no             ; no            ; yes             ; no       ; Off          ; 2.5 V        ; --                        ; Fitter               ; no        ;
; B[13]        ; Unassigned ; --       ; 1                     ; 0                  ; no     ; no             ; no            ; yes             ; no       ; Off          ; 2.5 V        ; --                        ; Fitter               ; no        ;
; B[14]        ; Unassigned ; --       ; 1                     ; 0                  ; no     ; no             ; no            ; yes             ; no       ; Off          ; 2.5 V        ; --                        ; Fitter               ; no        ;
; B[15]        ; Unassigned ; --       ; 1                     ; 0                  ; no     ; no             ; no            ; yes             ; no       ; Off          ; 2.5 V        ; --                        ; Fitter               ; no        ;
; B[16]        ; Unassigned ; --       ; 1                     ; 0                  ; no     ; no             ; no            ; yes             ; no       ; Off          ; 2.5 V        ; --                        ; Fitter               ; no        ;
; B[17]        ; Unassigned ; --       ; 1                     ; 0                  ; no     ; no             ; no            ; yes             ; no       ; Off          ; 2.5 V        ; --                        ; Fitter               ; no        ;
; B[18]        ; Unassigned ; --       ; 1                     ; 0                  ; no     ; no             ; no            ; yes             ; no       ; Off          ; 2.5 V        ; --                        ; Fitter               ; no        ;
; B[19]        ; Unassigned ; --       ; 1                     ; 0                  ; no     ; no             ; no            ; yes             ; no       ; Off          ; 2.5 V        ; --                        ; Fitter               ; no        ;
; B[1]         ; Unassigned ; --       ; 1                     ; 0                  ; no     ; no             ; no            ; yes             ; no       ; Off          ; 2.5 V        ; --                        ; Fitter               ; no        ;
; B[20]        ; Unassigned ; --       ; 1                     ; 0                  ; no     ; no             ; no            ; yes             ; no       ; Off          ; 2.5 V        ; --                        ; Fitter               ; no        ;
; B[21]        ; Unassigned ; --       ; 1                     ; 0                  ; no     ; no             ; no            ; yes             ; no       ; Off          ; 2.5 V        ; --                        ; Fitter               ; no        ;
; B[22]        ; Unassigned ; --       ; 1                     ; 0                  ; no     ; no             ; no            ; yes             ; no       ; Off          ; 2.5 V        ; --                        ; Fitter               ; no        ;
; B[23]        ; Unassigned ; --       ; 1                     ; 0                  ; no     ; no             ; no            ; yes             ; no       ; Off          ; 2.5 V        ; --                        ; Fitter               ; no        ;
; B[24]        ; Unassigned ; --       ; 1                     ; 0                  ; no     ; no             ; no            ; yes             ; no       ; Off          ; 2.5 V        ; --                        ; Fitter               ; no        ;
; B[25]        ; Unassigned ; --       ; 1                     ; 0                  ; no     ; no             ; no            ; yes             ; no       ; Off          ; 2.5 V        ; --                        ; Fitter               ; no        ;
; B[26]        ; Unassigned ; --       ; 1                     ; 0                  ; no     ; no             ; no            ; yes             ; no       ; Off          ; 2.5 V        ; --                        ; Fitter               ; no        ;
; B[27]        ; Unassigned ; --       ; 1                     ; 0                  ; no     ; no             ; no            ; yes             ; no       ; Off          ; 2.5 V        ; --                        ; Fitter               ; no        ;
; B[28]        ; Unassigned ; --       ; 1                     ; 0                  ; no     ; no             ; no            ; yes             ; no       ; Off          ; 2.5 V        ; --                        ; Fitter               ; no        ;
; B[29]        ; Unassigned ; --       ; 1                     ; 0                  ; no     ; no             ; no            ; yes             ; no       ; Off          ; 2.5 V        ; --                        ; Fitter               ; no        ;
; B[2]         ; Unassigned ; --       ; 1                     ; 0                  ; no     ; no             ; no            ; yes             ; no       ; Off          ; 2.5 V        ; --                        ; Fitter               ; no        ;
; B[30]        ; Unassigned ; --       ; 1                     ; 0                  ; no     ; no             ; no            ; yes             ; no       ; Off          ; 2.5 V        ; --                        ; Fitter               ; no        ;
; B[31]        ; Unassigned ; --       ; 1                     ; 0                  ; no     ; no             ; no            ; yes             ; no       ; Off          ; 2.5 V        ; --                        ; Fitter               ; no        ;
; B[3]         ; Unassigned ; --       ; 1                     ; 0                  ; no     ; no             ; no            ; yes             ; no       ; Off          ; 2.5 V        ; --                        ; Fitter               ; no        ;
; B[4]         ; Unassigned ; --       ; 1                     ; 0                  ; no     ; no             ; no            ; yes             ; no       ; Off          ; 2.5 V        ; --                        ; Fitter               ; no        ;
; B[5]         ; Unassigned ; --       ; 1                     ; 0                  ; no     ; no             ; no            ; yes             ; no       ; Off          ; 2.5 V        ; --                        ; Fitter               ; no        ;
; B[6]         ; Unassigned ; --       ; 1                     ; 0                  ; no     ; no             ; no            ; yes             ; no       ; Off          ; 2.5 V        ; --                        ; Fitter               ; no        ;
; B[7]         ; Unassigned ; --       ; 1                     ; 0                  ; no     ; no             ; no            ; yes             ; no       ; Off          ; 2.5 V        ; --                        ; Fitter               ; no        ;
; B[8]         ; Unassigned ; --       ; 1                     ; 0                  ; no     ; no             ; no            ; yes             ; no       ; Off          ; 2.5 V        ; --                        ; Fitter               ; no        ;
; B[9]         ; Unassigned ; --       ; 1                     ; 0                  ; no     ; no             ; no            ; yes             ; no       ; Off          ; 2.5 V        ; --                        ; Fitter               ; no        ;
; C[0]         ; Unassigned ; --       ; 1                     ; 0                  ; no     ; no             ; no            ; yes             ; no       ; Off          ; 2.5 V        ; --                        ; Fitter               ; no        ;
; C[10]        ; Unassigned ; --       ; 1                     ; 0                  ; no     ; no             ; no            ; yes             ; no       ; Off          ; 2.5 V        ; --                        ; Fitter               ; no        ;
; C[11]        ; Unassigned ; --       ; 1                     ; 0                  ; no     ; no             ; no            ; yes             ; no       ; Off          ; 2.5 V        ; --                        ; Fitter               ; no        ;
; C[12]        ; Unassigned ; --       ; 1                     ; 0                  ; no     ; no             ; no            ; yes             ; no       ; Off          ; 2.5 V        ; --                        ; Fitter               ; no        ;
; C[13]        ; Unassigned ; --       ; 1                     ; 0                  ; no     ; no             ; no            ; yes             ; no       ; Off          ; 2.5 V        ; --                        ; Fitter               ; no        ;
; C[14]        ; Unassigned ; --       ; 1                     ; 0                  ; no     ; no             ; no            ; yes             ; no       ; Off          ; 2.5 V        ; --                        ; Fitter               ; no        ;
; C[15]        ; Unassigned ; --       ; 1                     ; 0                  ; no     ; no             ; no            ; yes             ; no       ; Off          ; 2.5 V        ; --                        ; Fitter               ; no        ;
; C[16]        ; Unassigned ; --       ; 1                     ; 0                  ; no     ; no             ; no            ; yes             ; no       ; Off          ; 2.5 V        ; --                        ; Fitter               ; no        ;
; C[17]        ; Unassigned ; --       ; 1                     ; 0                  ; no     ; no             ; no            ; yes             ; no       ; Off          ; 2.5 V        ; --                        ; Fitter               ; no        ;
; C[18]        ; Unassigned ; --       ; 1                     ; 0                  ; no     ; no             ; no            ; yes             ; no       ; Off          ; 2.5 V        ; --                        ; Fitter               ; no        ;
; C[19]        ; Unassigned ; --       ; 1                     ; 0                  ; no     ; no             ; no            ; yes             ; no       ; Off          ; 2.5 V        ; --                        ; Fitter               ; no        ;
; C[1]         ; Unassigned ; --       ; 1                     ; 0                  ; no     ; no             ; no            ; yes             ; no       ; Off          ; 2.5 V        ; --                        ; Fitter               ; no        ;
; C[20]        ; Unassigned ; --       ; 1                     ; 0                  ; no     ; no             ; no            ; yes             ; no       ; Off          ; 2.5 V        ; --                        ; Fitter               ; no        ;
; C[21]        ; Unassigned ; --       ; 1                     ; 0                  ; no     ; no             ; no            ; yes             ; no       ; Off          ; 2.5 V        ; --                        ; Fitter               ; no        ;
; C[22]        ; Unassigned ; --       ; 1                     ; 0                  ; no     ; no             ; no            ; yes             ; no       ; Off          ; 2.5 V        ; --                        ; Fitter               ; no        ;
; C[23]        ; Unassigned ; --       ; 1                     ; 0                  ; no     ; no             ; no            ; yes             ; no       ; Off          ; 2.5 V        ; --                        ; Fitter               ; no        ;
; C[24]        ; Unassigned ; --       ; 1                     ; 0                  ; no     ; no             ; no            ; yes             ; no       ; Off          ; 2.5 V        ; --                        ; Fitter               ; no        ;
; C[25]        ; Unassigned ; --       ; 1                     ; 0                  ; no     ; no             ; no            ; yes             ; no       ; Off          ; 2.5 V        ; --                        ; Fitter               ; no        ;
; C[26]        ; Unassigned ; --       ; 1                     ; 0                  ; no     ; no             ; no            ; yes             ; no       ; Off          ; 2.5 V        ; --                        ; Fitter               ; no        ;
; C[27]        ; Unassigned ; --       ; 1                     ; 0                  ; no     ; no             ; no            ; yes             ; no       ; Off          ; 2.5 V        ; --                        ; Fitter               ; no        ;
; C[28]        ; Unassigned ; --       ; 1                     ; 0                  ; no     ; no             ; no            ; yes             ; no       ; Off          ; 2.5 V        ; --                        ; Fitter               ; no        ;
; C[29]        ; Unassigned ; --       ; 1                     ; 0                  ; no     ; no             ; no            ; yes             ; no       ; Off          ; 2.5 V        ; --                        ; Fitter               ; no        ;
; C[2]         ; Unassigned ; --       ; 1                     ; 0                  ; no     ; no             ; no            ; yes             ; no       ; Off          ; 2.5 V        ; --                        ; Fitter               ; no        ;
; C[30]        ; Unassigned ; --       ; 1                     ; 0                  ; no     ; no             ; no            ; yes             ; no       ; Off          ; 2.5 V        ; --                        ; Fitter               ; no        ;
; C[31]        ; Unassigned ; --       ; 1                     ; 0                  ; no     ; no             ; no            ; yes             ; no       ; Off          ; 2.5 V        ; --                        ; Fitter               ; no        ;
; C[3]         ; Unassigned ; --       ; 1                     ; 0                  ; no     ; no             ; no            ; yes             ; no       ; Off          ; 2.5 V        ; --                        ; Fitter               ; no        ;
; C[4]         ; Unassigned ; --       ; 1                     ; 0                  ; no     ; no             ; no            ; yes             ; no       ; Off          ; 2.5 V        ; --                        ; Fitter               ; no        ;
; C[5]         ; Unassigned ; --       ; 1                     ; 0                  ; no     ; no             ; no            ; yes             ; no       ; Off          ; 2.5 V        ; --                        ; Fitter               ; no        ;
; C[6]         ; Unassigned ; --       ; 1                     ; 0                  ; no     ; no             ; no            ; yes             ; no       ; Off          ; 2.5 V        ; --                        ; Fitter               ; no        ;
; C[7]         ; Unassigned ; --       ; 1                     ; 0                  ; no     ; no             ; no            ; yes             ; no       ; Off          ; 2.5 V        ; --                        ; Fitter               ; no        ;
; C[8]         ; Unassigned ; --       ; 1                     ; 0                  ; no     ; no             ; no            ; yes             ; no       ; Off          ; 2.5 V        ; --                        ; Fitter               ; no        ;
; C[9]         ; Unassigned ; --       ; 1                     ; 0                  ; no     ; no             ; no            ; yes             ; no       ; Off          ; 2.5 V        ; --                        ; Fitter               ; no        ;
; D[0]         ; Unassigned ; --       ; 1                     ; 0                  ; no     ; no             ; no            ; yes             ; no       ; Off          ; 2.5 V        ; --                        ; Fitter               ; no        ;
; D[10]        ; Unassigned ; --       ; 1                     ; 0                  ; no     ; no             ; no            ; yes             ; no       ; Off          ; 2.5 V        ; --                        ; Fitter               ; no        ;
; D[11]        ; Unassigned ; --       ; 1                     ; 0                  ; no     ; no             ; no            ; yes             ; no       ; Off          ; 2.5 V        ; --                        ; Fitter               ; no        ;
; D[12]        ; Unassigned ; --       ; 1                     ; 0                  ; no     ; no             ; no            ; yes             ; no       ; Off          ; 2.5 V        ; --                        ; Fitter               ; no        ;
; D[13]        ; Unassigned ; --       ; 1                     ; 0                  ; no     ; no             ; no            ; yes             ; no       ; Off          ; 2.5 V        ; --                        ; Fitter               ; no        ;
; D[14]        ; Unassigned ; --       ; 1                     ; 0                  ; no     ; no             ; no            ; yes             ; no       ; Off          ; 2.5 V        ; --                        ; Fitter               ; no        ;
; D[15]        ; Unassigned ; --       ; 1                     ; 0                  ; no     ; no             ; no            ; yes             ; no       ; Off          ; 2.5 V        ; --                        ; Fitter               ; no        ;
; D[16]        ; Unassigned ; --       ; 1                     ; 0                  ; no     ; no             ; no            ; yes             ; no       ; Off          ; 2.5 V        ; --                        ; Fitter               ; no        ;
; D[17]        ; Unassigned ; --       ; 1                     ; 0                  ; no     ; no             ; no            ; yes             ; no       ; Off          ; 2.5 V        ; --                        ; Fitter               ; no        ;
; D[18]        ; Unassigned ; --       ; 1                     ; 0                  ; no     ; no             ; no            ; yes             ; no       ; Off          ; 2.5 V        ; --                        ; Fitter               ; no        ;
; D[19]        ; Unassigned ; --       ; 1                     ; 0                  ; no     ; no             ; no            ; yes             ; no       ; Off          ; 2.5 V        ; --                        ; Fitter               ; no        ;
; D[1]         ; Unassigned ; --       ; 1                     ; 0                  ; no     ; no             ; no            ; yes             ; no       ; Off          ; 2.5 V        ; --                        ; Fitter               ; no        ;
; D[20]        ; Unassigned ; --       ; 1                     ; 0                  ; no     ; no             ; no            ; yes             ; no       ; Off          ; 2.5 V        ; --                        ; Fitter               ; no        ;
; D[21]        ; Unassigned ; --       ; 1                     ; 0                  ; no     ; no             ; no            ; yes             ; no       ; Off          ; 2.5 V        ; --                        ; Fitter               ; no        ;
; D[22]        ; Unassigned ; --       ; 1                     ; 0                  ; no     ; no             ; no            ; yes             ; no       ; Off          ; 2.5 V        ; --                        ; Fitter               ; no        ;
; D[23]        ; Unassigned ; --       ; 1                     ; 0                  ; no     ; no             ; no            ; yes             ; no       ; Off          ; 2.5 V        ; --                        ; Fitter               ; no        ;
; D[24]        ; Unassigned ; --       ; 1                     ; 0                  ; no     ; no             ; no            ; yes             ; no       ; Off          ; 2.5 V        ; --                        ; Fitter               ; no        ;
; D[25]        ; Unassigned ; --       ; 1                     ; 0                  ; no     ; no             ; no            ; yes             ; no       ; Off          ; 2.5 V        ; --                        ; Fitter               ; no        ;
; D[26]        ; Unassigned ; --       ; 1                     ; 0                  ; no     ; no             ; no            ; yes             ; no       ; Off          ; 2.5 V        ; --                        ; Fitter               ; no        ;
; D[27]        ; Unassigned ; --       ; 1                     ; 0                  ; no     ; no             ; no            ; yes             ; no       ; Off          ; 2.5 V        ; --                        ; Fitter               ; no        ;
; D[28]        ; Unassigned ; --       ; 1                     ; 0                  ; no     ; no             ; no            ; yes             ; no       ; Off          ; 2.5 V        ; --                        ; Fitter               ; no        ;
; D[29]        ; Unassigned ; --       ; 1                     ; 0                  ; no     ; no             ; no            ; yes             ; no       ; Off          ; 2.5 V        ; --                        ; Fitter               ; no        ;
; D[2]         ; Unassigned ; --       ; 1                     ; 0                  ; no     ; no             ; no            ; yes             ; no       ; Off          ; 2.5 V        ; --                        ; Fitter               ; no        ;
; D[30]        ; Unassigned ; --       ; 1                     ; 0                  ; no     ; no             ; no            ; yes             ; no       ; Off          ; 2.5 V        ; --                        ; Fitter               ; no        ;
; D[31]        ; Unassigned ; --       ; 1                     ; 0                  ; no     ; no             ; no            ; yes             ; no       ; Off          ; 2.5 V        ; --                        ; Fitter               ; no        ;
; D[3]         ; Unassigned ; --       ; 1                     ; 0                  ; no     ; no             ; no            ; yes             ; no       ; Off          ; 2.5 V        ; --                        ; Fitter               ; no        ;
; D[4]         ; Unassigned ; --       ; 1                     ; 0                  ; no     ; no             ; no            ; yes             ; no       ; Off          ; 2.5 V        ; --                        ; Fitter               ; no        ;
; D[5]         ; Unassigned ; --       ; 1                     ; 0                  ; no     ; no             ; no            ; yes             ; no       ; Off          ; 2.5 V        ; --                        ; Fitter               ; no        ;
; D[6]         ; Unassigned ; --       ; 1                     ; 0                  ; no     ; no             ; no            ; yes             ; no       ; Off          ; 2.5 V        ; --                        ; Fitter               ; no        ;
; D[7]         ; Unassigned ; --       ; 1                     ; 0                  ; no     ; no             ; no            ; yes             ; no       ; Off          ; 2.5 V        ; --                        ; Fitter               ; no        ;
; D[8]         ; Unassigned ; --       ; 1                     ; 0                  ; no     ; no             ; no            ; yes             ; no       ; Off          ; 2.5 V        ; --                        ; Fitter               ; no        ;
; D[9]         ; Unassigned ; --       ; 1                     ; 0                  ; no     ; no             ; no            ; yes             ; no       ; Off          ; 2.5 V        ; --                        ; Fitter               ; no        ;
; clock        ; Unassigned ; --       ; 203                   ; 0                  ; yes    ; no             ; no            ; yes             ; no       ; Off          ; 2.5 V        ; --                        ; Fitter               ; no        ;
; start_button ; Unassigned ; --       ; 2                     ; 0                  ; no     ; no             ; no            ; yes             ; no       ; Off          ; 2.5 V        ; --                        ; Fitter               ; no        ;
; stop_button  ; Unassigned ; --       ; 179                   ; 0                  ; yes    ; no             ; no            ; yes             ; no       ; Off          ; 2.5 V        ; --                        ; Fitter               ; no        ;
+--------------+------------+----------+-----------------------+--------------------+--------+----------------+---------------+-----------------+----------+--------------+--------------+---------------------------+----------------------+-----------+


+--------------------------------------------------------------------------------------------------------------------------------------------------------------------------------------------------------------------------------------------------------------------------------------------------------------------------------------------------------------------------------------------------------------------+
; Output Pins                                                                                                                                                                                                                                                                                                                                                                                                        ;
+-----------+------------+----------+-----------------+------------------------+---------------+-----------+-----------------+------------+---------------+----------+--------------+--------------+------------------+-----------------------------------+---------------------------+----------------------------+-----------------------------+----------------------+----------------------+---------------------+
; Name      ; Pin #      ; I/O Bank ; Output Register ; Output Enable Register ; Power Up High ; Slew Rate ; PCI I/O Enabled ; Open Drain ; TRI Primitive ; Bus Hold ; Weak Pull Up ; I/O Standard ; Current Strength ; Termination                       ; Termination Control Block ; Output Buffer Pre-emphasis ; Voltage Output Differential ; Location assigned by ; Output Enable Source ; Output Enable Group ;
+-----------+------------+----------+-----------------+------------------------+---------------+-----------+-----------------+------------+---------------+----------+--------------+--------------+------------------+-----------------------------------+---------------------------+----------------------------+-----------------------------+----------------------+----------------------+---------------------+
; A_out[0]  ; Unassigned ; --       ; no              ; no                     ; no            ; 2         ; no              ; no         ; no            ; no       ; Off          ; 2.5 V        ; Default          ; Series 50 Ohm without Calibration ; --                        ; no                         ; no                          ; Fitter               ; -                    ; -                   ;
; A_out[10] ; Unassigned ; --       ; no              ; no                     ; no            ; 2         ; no              ; no         ; no            ; no       ; Off          ; 2.5 V        ; Default          ; Series 50 Ohm without Calibration ; --                        ; no                         ; no                          ; Fitter               ; -                    ; -                   ;
; A_out[11] ; Unassigned ; --       ; no              ; no                     ; no            ; 2         ; no              ; no         ; no            ; no       ; Off          ; 2.5 V        ; Default          ; Series 50 Ohm without Calibration ; --                        ; no                         ; no                          ; Fitter               ; -                    ; -                   ;
; A_out[12] ; Unassigned ; --       ; no              ; no                     ; no            ; 2         ; no              ; no         ; no            ; no       ; Off          ; 2.5 V        ; Default          ; Series 50 Ohm without Calibration ; --                        ; no                         ; no                          ; Fitter               ; -                    ; -                   ;
; A_out[13] ; Unassigned ; --       ; no              ; no                     ; no            ; 2         ; no              ; no         ; no            ; no       ; Off          ; 2.5 V        ; Default          ; Series 50 Ohm without Calibration ; --                        ; no                         ; no                          ; Fitter               ; -                    ; -                   ;
; A_out[14] ; Unassigned ; --       ; no              ; no                     ; no            ; 2         ; no              ; no         ; no            ; no       ; Off          ; 2.5 V        ; Default          ; Series 50 Ohm without Calibration ; --                        ; no                         ; no                          ; Fitter               ; -                    ; -                   ;
; A_out[15] ; Unassigned ; --       ; no              ; no                     ; no            ; 2         ; no              ; no         ; no            ; no       ; Off          ; 2.5 V        ; Default          ; Series 50 Ohm without Calibration ; --                        ; no                         ; no                          ; Fitter               ; -                    ; -                   ;
; A_out[16] ; Unassigned ; --       ; no              ; no                     ; no            ; 2         ; no              ; no         ; no            ; no       ; Off          ; 2.5 V        ; Default          ; Series 50 Ohm without Calibration ; --                        ; no                         ; no                          ; Fitter               ; -                    ; -                   ;
; A_out[17] ; Unassigned ; --       ; no              ; no                     ; no            ; 2         ; no              ; no         ; no            ; no       ; Off          ; 2.5 V        ; Default          ; Series 50 Ohm without Calibration ; --                        ; no                         ; no                          ; Fitter               ; -                    ; -                   ;
; A_out[18] ; Unassigned ; --       ; no              ; no                     ; no            ; 2         ; no              ; no         ; no            ; no       ; Off          ; 2.5 V        ; Default          ; Series 50 Ohm without Calibration ; --                        ; no                         ; no                          ; Fitter               ; -                    ; -                   ;
; A_out[19] ; Unassigned ; --       ; no              ; no                     ; no            ; 2         ; no              ; no         ; no            ; no       ; Off          ; 2.5 V        ; Default          ; Series 50 Ohm without Calibration ; --                        ; no                         ; no                          ; Fitter               ; -                    ; -                   ;
; A_out[1]  ; Unassigned ; --       ; no              ; no                     ; no            ; 2         ; no              ; no         ; no            ; no       ; Off          ; 2.5 V        ; Default          ; Series 50 Ohm without Calibration ; --                        ; no                         ; no                          ; Fitter               ; -                    ; -                   ;
; A_out[20] ; Unassigned ; --       ; no              ; no                     ; no            ; 2         ; no              ; no         ; no            ; no       ; Off          ; 2.5 V        ; Default          ; Series 50 Ohm without Calibration ; --                        ; no                         ; no                          ; Fitter               ; -                    ; -                   ;
; A_out[21] ; Unassigned ; --       ; no              ; no                     ; no            ; 2         ; no              ; no         ; no            ; no       ; Off          ; 2.5 V        ; Default          ; Series 50 Ohm without Calibration ; --                        ; no                         ; no                          ; Fitter               ; -                    ; -                   ;
; A_out[22] ; Unassigned ; --       ; no              ; no                     ; no            ; 2         ; no              ; no         ; no            ; no       ; Off          ; 2.5 V        ; Default          ; Series 50 Ohm without Calibration ; --                        ; no                         ; no                          ; Fitter               ; -                    ; -                   ;
; A_out[23] ; Unassigned ; --       ; no              ; no                     ; no            ; 2         ; no              ; no         ; no            ; no       ; Off          ; 2.5 V        ; Default          ; Series 50 Ohm without Calibration ; --                        ; no                         ; no                          ; Fitter               ; -                    ; -                   ;
; A_out[24] ; Unassigned ; --       ; no              ; no                     ; no            ; 2         ; no              ; no         ; no            ; no       ; Off          ; 2.5 V        ; Default          ; Series 50 Ohm without Calibration ; --                        ; no                         ; no                          ; Fitter               ; -                    ; -                   ;
; A_out[25] ; Unassigned ; --       ; no              ; no                     ; no            ; 2         ; no              ; no         ; no            ; no       ; Off          ; 2.5 V        ; Default          ; Series 50 Ohm without Calibration ; --                        ; no                         ; no                          ; Fitter               ; -                    ; -                   ;
; A_out[26] ; Unassigned ; --       ; no              ; no                     ; no            ; 2         ; no              ; no         ; no            ; no       ; Off          ; 2.5 V        ; Default          ; Series 50 Ohm without Calibration ; --                        ; no                         ; no                          ; Fitter               ; -                    ; -                   ;
; A_out[27] ; Unassigned ; --       ; no              ; no                     ; no            ; 2         ; no              ; no         ; no            ; no       ; Off          ; 2.5 V        ; Default          ; Series 50 Ohm without Calibration ; --                        ; no                         ; no                          ; Fitter               ; -                    ; -                   ;
; A_out[28] ; Unassigned ; --       ; no              ; no                     ; no            ; 2         ; no              ; no         ; no            ; no       ; Off          ; 2.5 V        ; Default          ; Series 50 Ohm without Calibration ; --                        ; no                         ; no                          ; Fitter               ; -                    ; -                   ;
; A_out[29] ; Unassigned ; --       ; no              ; no                     ; no            ; 2         ; no              ; no         ; no            ; no       ; Off          ; 2.5 V        ; Default          ; Series 50 Ohm without Calibration ; --                        ; no                         ; no                          ; Fitter               ; -                    ; -                   ;
; A_out[2]  ; Unassigned ; --       ; no              ; no                     ; no            ; 2         ; no              ; no         ; no            ; no       ; Off          ; 2.5 V        ; Default          ; Series 50 Ohm without Calibration ; --                        ; no                         ; no                          ; Fitter               ; -                    ; -                   ;
; A_out[30] ; Unassigned ; --       ; no              ; no                     ; no            ; 2         ; no              ; no         ; no            ; no       ; Off          ; 2.5 V        ; Default          ; Series 50 Ohm without Calibration ; --                        ; no                         ; no                          ; Fitter               ; -                    ; -                   ;
; A_out[31] ; Unassigned ; --       ; no              ; no                     ; no            ; 2         ; no              ; no         ; no            ; no       ; Off          ; 2.5 V        ; Default          ; Series 50 Ohm without Calibration ; --                        ; no                         ; no                          ; Fitter               ; -                    ; -                   ;
; A_out[3]  ; Unassigned ; --       ; no              ; no                     ; no            ; 2         ; no              ; no         ; no            ; no       ; Off          ; 2.5 V        ; Default          ; Series 50 Ohm without Calibration ; --                        ; no                         ; no                          ; Fitter               ; -                    ; -                   ;
; A_out[4]  ; Unassigned ; --       ; no              ; no                     ; no            ; 2         ; no              ; no         ; no            ; no       ; Off          ; 2.5 V        ; Default          ; Series 50 Ohm without Calibration ; --                        ; no                         ; no                          ; Fitter               ; -                    ; -                   ;
; A_out[5]  ; Unassigned ; --       ; no              ; no                     ; no            ; 2         ; no              ; no         ; no            ; no       ; Off          ; 2.5 V        ; Default          ; Series 50 Ohm without Calibration ; --                        ; no                         ; no                          ; Fitter               ; -                    ; -                   ;
; A_out[6]  ; Unassigned ; --       ; no              ; no                     ; no            ; 2         ; no              ; no         ; no            ; no       ; Off          ; 2.5 V        ; Default          ; Series 50 Ohm without Calibration ; --                        ; no                         ; no                          ; Fitter               ; -                    ; -                   ;
; A_out[7]  ; Unassigned ; --       ; no              ; no                     ; no            ; 2         ; no              ; no         ; no            ; no       ; Off          ; 2.5 V        ; Default          ; Series 50 Ohm without Calibration ; --                        ; no                         ; no                          ; Fitter               ; -                    ; -                   ;
; A_out[8]  ; Unassigned ; --       ; no              ; no                     ; no            ; 2         ; no              ; no         ; no            ; no       ; Off          ; 2.5 V        ; Default          ; Series 50 Ohm without Calibration ; --                        ; no                         ; no                          ; Fitter               ; -                    ; -                   ;
; A_out[9]  ; Unassigned ; --       ; no              ; no                     ; no            ; 2         ; no              ; no         ; no            ; no       ; Off          ; 2.5 V        ; Default          ; Series 50 Ohm without Calibration ; --                        ; no                         ; no                          ; Fitter               ; -                    ; -                   ;
; B_out[0]  ; Unassigned ; --       ; no              ; no                     ; no            ; 2         ; no              ; no         ; no            ; no       ; Off          ; 2.5 V        ; Default          ; Series 50 Ohm without Calibration ; --                        ; no                         ; no                          ; Fitter               ; -                    ; -                   ;
; B_out[10] ; Unassigned ; --       ; no              ; no                     ; no            ; 2         ; no              ; no         ; no            ; no       ; Off          ; 2.5 V        ; Default          ; Series 50 Ohm without Calibration ; --                        ; no                         ; no                          ; Fitter               ; -                    ; -                   ;
; B_out[11] ; Unassigned ; --       ; no              ; no                     ; no            ; 2         ; no              ; no         ; no            ; no       ; Off          ; 2.5 V        ; Default          ; Series 50 Ohm without Calibration ; --                        ; no                         ; no                          ; Fitter               ; -                    ; -                   ;
; B_out[12] ; Unassigned ; --       ; no              ; no                     ; no            ; 2         ; no              ; no         ; no            ; no       ; Off          ; 2.5 V        ; Default          ; Series 50 Ohm without Calibration ; --                        ; no                         ; no                          ; Fitter               ; -                    ; -                   ;
; B_out[13] ; Unassigned ; --       ; no              ; no                     ; no            ; 2         ; no              ; no         ; no            ; no       ; Off          ; 2.5 V        ; Default          ; Series 50 Ohm without Calibration ; --                        ; no                         ; no                          ; Fitter               ; -                    ; -                   ;
; B_out[14] ; Unassigned ; --       ; no              ; no                     ; no            ; 2         ; no              ; no         ; no            ; no       ; Off          ; 2.5 V        ; Default          ; Series 50 Ohm without Calibration ; --                        ; no                         ; no                          ; Fitter               ; -                    ; -                   ;
; B_out[15] ; Unassigned ; --       ; no              ; no                     ; no            ; 2         ; no              ; no         ; no            ; no       ; Off          ; 2.5 V        ; Default          ; Series 50 Ohm without Calibration ; --                        ; no                         ; no                          ; Fitter               ; -                    ; -                   ;
; B_out[16] ; Unassigned ; --       ; no              ; no                     ; no            ; 2         ; no              ; no         ; no            ; no       ; Off          ; 2.5 V        ; Default          ; Series 50 Ohm without Calibration ; --                        ; no                         ; no                          ; Fitter               ; -                    ; -                   ;
; B_out[17] ; Unassigned ; --       ; no              ; no                     ; no            ; 2         ; no              ; no         ; no            ; no       ; Off          ; 2.5 V        ; Default          ; Series 50 Ohm without Calibration ; --                        ; no                         ; no                          ; Fitter               ; -                    ; -                   ;
; B_out[18] ; Unassigned ; --       ; no              ; no                     ; no            ; 2         ; no              ; no         ; no            ; no       ; Off          ; 2.5 V        ; Default          ; Series 50 Ohm without Calibration ; --                        ; no                         ; no                          ; Fitter               ; -                    ; -                   ;
; B_out[19] ; Unassigned ; --       ; no              ; no                     ; no            ; 2         ; no              ; no         ; no            ; no       ; Off          ; 2.5 V        ; Default          ; Series 50 Ohm without Calibration ; --                        ; no                         ; no                          ; Fitter               ; -                    ; -                   ;
; B_out[1]  ; Unassigned ; --       ; no              ; no                     ; no            ; 2         ; no              ; no         ; no            ; no       ; Off          ; 2.5 V        ; Default          ; Series 50 Ohm without Calibration ; --                        ; no                         ; no                          ; Fitter               ; -                    ; -                   ;
; B_out[20] ; Unassigned ; --       ; no              ; no                     ; no            ; 2         ; no              ; no         ; no            ; no       ; Off          ; 2.5 V        ; Default          ; Series 50 Ohm without Calibration ; --                        ; no                         ; no                          ; Fitter               ; -                    ; -                   ;
; B_out[21] ; Unassigned ; --       ; no              ; no                     ; no            ; 2         ; no              ; no         ; no            ; no       ; Off          ; 2.5 V        ; Default          ; Series 50 Ohm without Calibration ; --                        ; no                         ; no                          ; Fitter               ; -                    ; -                   ;
; B_out[22] ; Unassigned ; --       ; no              ; no                     ; no            ; 2         ; no              ; no         ; no            ; no       ; Off          ; 2.5 V        ; Default          ; Series 50 Ohm without Calibration ; --                        ; no                         ; no                          ; Fitter               ; -                    ; -                   ;
; B_out[23] ; Unassigned ; --       ; no              ; no                     ; no            ; 2         ; no              ; no         ; no            ; no       ; Off          ; 2.5 V        ; Default          ; Series 50 Ohm without Calibration ; --                        ; no                         ; no                          ; Fitter               ; -                    ; -                   ;
; B_out[24] ; Unassigned ; --       ; no              ; no                     ; no            ; 2         ; no              ; no         ; no            ; no       ; Off          ; 2.5 V        ; Default          ; Series 50 Ohm without Calibration ; --                        ; no                         ; no                          ; Fitter               ; -                    ; -                   ;
; B_out[25] ; Unassigned ; --       ; no              ; no                     ; no            ; 2         ; no              ; no         ; no            ; no       ; Off          ; 2.5 V        ; Default          ; Series 50 Ohm without Calibration ; --                        ; no                         ; no                          ; Fitter               ; -                    ; -                   ;
; B_out[26] ; Unassigned ; --       ; no              ; no                     ; no            ; 2         ; no              ; no         ; no            ; no       ; Off          ; 2.5 V        ; Default          ; Series 50 Ohm without Calibration ; --                        ; no                         ; no                          ; Fitter               ; -                    ; -                   ;
; B_out[27] ; Unassigned ; --       ; no              ; no                     ; no            ; 2         ; no              ; no         ; no            ; no       ; Off          ; 2.5 V        ; Default          ; Series 50 Ohm without Calibration ; --                        ; no                         ; no                          ; Fitter               ; -                    ; -                   ;
; B_out[28] ; Unassigned ; --       ; no              ; no                     ; no            ; 2         ; no              ; no         ; no            ; no       ; Off          ; 2.5 V        ; Default          ; Series 50 Ohm without Calibration ; --                        ; no                         ; no                          ; Fitter               ; -                    ; -                   ;
; B_out[29] ; Unassigned ; --       ; no              ; no                     ; no            ; 2         ; no              ; no         ; no            ; no       ; Off          ; 2.5 V        ; Default          ; Series 50 Ohm without Calibration ; --                        ; no                         ; no                          ; Fitter               ; -                    ; -                   ;
; B_out[2]  ; Unassigned ; --       ; no              ; no                     ; no            ; 2         ; no              ; no         ; no            ; no       ; Off          ; 2.5 V        ; Default          ; Series 50 Ohm without Calibration ; --                        ; no                         ; no                          ; Fitter               ; -                    ; -                   ;
; B_out[30] ; Unassigned ; --       ; no              ; no                     ; no            ; 2         ; no              ; no         ; no            ; no       ; Off          ; 2.5 V        ; Default          ; Series 50 Ohm without Calibration ; --                        ; no                         ; no                          ; Fitter               ; -                    ; -                   ;
; B_out[31] ; Unassigned ; --       ; no              ; no                     ; no            ; 2         ; no              ; no         ; no            ; no       ; Off          ; 2.5 V        ; Default          ; Series 50 Ohm without Calibration ; --                        ; no                         ; no                          ; Fitter               ; -                    ; -                   ;
; B_out[3]  ; Unassigned ; --       ; no              ; no                     ; no            ; 2         ; no              ; no         ; no            ; no       ; Off          ; 2.5 V        ; Default          ; Series 50 Ohm without Calibration ; --                        ; no                         ; no                          ; Fitter               ; -                    ; -                   ;
; B_out[4]  ; Unassigned ; --       ; no              ; no                     ; no            ; 2         ; no              ; no         ; no            ; no       ; Off          ; 2.5 V        ; Default          ; Series 50 Ohm without Calibration ; --                        ; no                         ; no                          ; Fitter               ; -                    ; -                   ;
; B_out[5]  ; Unassigned ; --       ; no              ; no                     ; no            ; 2         ; no              ; no         ; no            ; no       ; Off          ; 2.5 V        ; Default          ; Series 50 Ohm without Calibration ; --                        ; no                         ; no                          ; Fitter               ; -                    ; -                   ;
; B_out[6]  ; Unassigned ; --       ; no              ; no                     ; no            ; 2         ; no              ; no         ; no            ; no       ; Off          ; 2.5 V        ; Default          ; Series 50 Ohm without Calibration ; --                        ; no                         ; no                          ; Fitter               ; -                    ; -                   ;
; B_out[7]  ; Unassigned ; --       ; no              ; no                     ; no            ; 2         ; no              ; no         ; no            ; no       ; Off          ; 2.5 V        ; Default          ; Series 50 Ohm without Calibration ; --                        ; no                         ; no                          ; Fitter               ; -                    ; -                   ;
; B_out[8]  ; Unassigned ; --       ; no              ; no                     ; no            ; 2         ; no              ; no         ; no            ; no       ; Off          ; 2.5 V        ; Default          ; Series 50 Ohm without Calibration ; --                        ; no                         ; no                          ; Fitter               ; -                    ; -                   ;
; B_out[9]  ; Unassigned ; --       ; no              ; no                     ; no            ; 2         ; no              ; no         ; no            ; no       ; Off          ; 2.5 V        ; Default          ; Series 50 Ohm without Calibration ; --                        ; no                         ; no                          ; Fitter               ; -                    ; -                   ;
; C_out[0]  ; Unassigned ; --       ; no              ; no                     ; no            ; 2         ; no              ; no         ; no            ; no       ; Off          ; 2.5 V        ; Default          ; Series 50 Ohm without Calibration ; --                        ; no                         ; no                          ; Fitter               ; -                    ; -                   ;
; C_out[10] ; Unassigned ; --       ; no              ; no                     ; no            ; 2         ; no              ; no         ; no            ; no       ; Off          ; 2.5 V        ; Default          ; Series 50 Ohm without Calibration ; --                        ; no                         ; no                          ; Fitter               ; -                    ; -                   ;
; C_out[11] ; Unassigned ; --       ; no              ; no                     ; no            ; 2         ; no              ; no         ; no            ; no       ; Off          ; 2.5 V        ; Default          ; Series 50 Ohm without Calibration ; --                        ; no                         ; no                          ; Fitter               ; -                    ; -                   ;
; C_out[12] ; Unassigned ; --       ; no              ; no                     ; no            ; 2         ; no              ; no         ; no            ; no       ; Off          ; 2.5 V        ; Default          ; Series 50 Ohm without Calibration ; --                        ; no                         ; no                          ; Fitter               ; -                    ; -                   ;
; C_out[13] ; Unassigned ; --       ; no              ; no                     ; no            ; 2         ; no              ; no         ; no            ; no       ; Off          ; 2.5 V        ; Default          ; Series 50 Ohm without Calibration ; --                        ; no                         ; no                          ; Fitter               ; -                    ; -                   ;
; C_out[14] ; Unassigned ; --       ; no              ; no                     ; no            ; 2         ; no              ; no         ; no            ; no       ; Off          ; 2.5 V        ; Default          ; Series 50 Ohm without Calibration ; --                        ; no                         ; no                          ; Fitter               ; -                    ; -                   ;
; C_out[15] ; Unassigned ; --       ; no              ; no                     ; no            ; 2         ; no              ; no         ; no            ; no       ; Off          ; 2.5 V        ; Default          ; Series 50 Ohm without Calibration ; --                        ; no                         ; no                          ; Fitter               ; -                    ; -                   ;
; C_out[16] ; Unassigned ; --       ; no              ; no                     ; no            ; 2         ; no              ; no         ; no            ; no       ; Off          ; 2.5 V        ; Default          ; Series 50 Ohm without Calibration ; --                        ; no                         ; no                          ; Fitter               ; -                    ; -                   ;
; C_out[17] ; Unassigned ; --       ; no              ; no                     ; no            ; 2         ; no              ; no         ; no            ; no       ; Off          ; 2.5 V        ; Default          ; Series 50 Ohm without Calibration ; --                        ; no                         ; no                          ; Fitter               ; -                    ; -                   ;
; C_out[18] ; Unassigned ; --       ; no              ; no                     ; no            ; 2         ; no              ; no         ; no            ; no       ; Off          ; 2.5 V        ; Default          ; Series 50 Ohm without Calibration ; --                        ; no                         ; no                          ; Fitter               ; -                    ; -                   ;
; C_out[19] ; Unassigned ; --       ; no              ; no                     ; no            ; 2         ; no              ; no         ; no            ; no       ; Off          ; 2.5 V        ; Default          ; Series 50 Ohm without Calibration ; --                        ; no                         ; no                          ; Fitter               ; -                    ; -                   ;
; C_out[1]  ; Unassigned ; --       ; no              ; no                     ; no            ; 2         ; no              ; no         ; no            ; no       ; Off          ; 2.5 V        ; Default          ; Series 50 Ohm without Calibration ; --                        ; no                         ; no                          ; Fitter               ; -                    ; -                   ;
; C_out[20] ; Unassigned ; --       ; no              ; no                     ; no            ; 2         ; no              ; no         ; no            ; no       ; Off          ; 2.5 V        ; Default          ; Series 50 Ohm without Calibration ; --                        ; no                         ; no                          ; Fitter               ; -                    ; -                   ;
; C_out[21] ; Unassigned ; --       ; no              ; no                     ; no            ; 2         ; no              ; no         ; no            ; no       ; Off          ; 2.5 V        ; Default          ; Series 50 Ohm without Calibration ; --                        ; no                         ; no                          ; Fitter               ; -                    ; -                   ;
; C_out[22] ; Unassigned ; --       ; no              ; no                     ; no            ; 2         ; no              ; no         ; no            ; no       ; Off          ; 2.5 V        ; Default          ; Series 50 Ohm without Calibration ; --                        ; no                         ; no                          ; Fitter               ; -                    ; -                   ;
; C_out[23] ; Unassigned ; --       ; no              ; no                     ; no            ; 2         ; no              ; no         ; no            ; no       ; Off          ; 2.5 V        ; Default          ; Series 50 Ohm without Calibration ; --                        ; no                         ; no                          ; Fitter               ; -                    ; -                   ;
; C_out[24] ; Unassigned ; --       ; no              ; no                     ; no            ; 2         ; no              ; no         ; no            ; no       ; Off          ; 2.5 V        ; Default          ; Series 50 Ohm without Calibration ; --                        ; no                         ; no                          ; Fitter               ; -                    ; -                   ;
; C_out[25] ; Unassigned ; --       ; no              ; no                     ; no            ; 2         ; no              ; no         ; no            ; no       ; Off          ; 2.5 V        ; Default          ; Series 50 Ohm without Calibration ; --                        ; no                         ; no                          ; Fitter               ; -                    ; -                   ;
; C_out[26] ; Unassigned ; --       ; no              ; no                     ; no            ; 2         ; no              ; no         ; no            ; no       ; Off          ; 2.5 V        ; Default          ; Series 50 Ohm without Calibration ; --                        ; no                         ; no                          ; Fitter               ; -                    ; -                   ;
; C_out[27] ; Unassigned ; --       ; no              ; no                     ; no            ; 2         ; no              ; no         ; no            ; no       ; Off          ; 2.5 V        ; Default          ; Series 50 Ohm without Calibration ; --                        ; no                         ; no                          ; Fitter               ; -                    ; -                   ;
; C_out[28] ; Unassigned ; --       ; no              ; no                     ; no            ; 2         ; no              ; no         ; no            ; no       ; Off          ; 2.5 V        ; Default          ; Series 50 Ohm without Calibration ; --                        ; no                         ; no                          ; Fitter               ; -                    ; -                   ;
; C_out[29] ; Unassigned ; --       ; no              ; no                     ; no            ; 2         ; no              ; no         ; no            ; no       ; Off          ; 2.5 V        ; Default          ; Series 50 Ohm without Calibration ; --                        ; no                         ; no                          ; Fitter               ; -                    ; -                   ;
; C_out[2]  ; Unassigned ; --       ; no              ; no                     ; no            ; 2         ; no              ; no         ; no            ; no       ; Off          ; 2.5 V        ; Default          ; Series 50 Ohm without Calibration ; --                        ; no                         ; no                          ; Fitter               ; -                    ; -                   ;
; C_out[30] ; Unassigned ; --       ; no              ; no                     ; no            ; 2         ; no              ; no         ; no            ; no       ; Off          ; 2.5 V        ; Default          ; Series 50 Ohm without Calibration ; --                        ; no                         ; no                          ; Fitter               ; -                    ; -                   ;
; C_out[31] ; Unassigned ; --       ; no              ; no                     ; no            ; 2         ; no              ; no         ; no            ; no       ; Off          ; 2.5 V        ; Default          ; Series 50 Ohm without Calibration ; --                        ; no                         ; no                          ; Fitter               ; -                    ; -                   ;
; C_out[3]  ; Unassigned ; --       ; no              ; no                     ; no            ; 2         ; no              ; no         ; no            ; no       ; Off          ; 2.5 V        ; Default          ; Series 50 Ohm without Calibration ; --                        ; no                         ; no                          ; Fitter               ; -                    ; -                   ;
; C_out[4]  ; Unassigned ; --       ; no              ; no                     ; no            ; 2         ; no              ; no         ; no            ; no       ; Off          ; 2.5 V        ; Default          ; Series 50 Ohm without Calibration ; --                        ; no                         ; no                          ; Fitter               ; -                    ; -                   ;
; C_out[5]  ; Unassigned ; --       ; no              ; no                     ; no            ; 2         ; no              ; no         ; no            ; no       ; Off          ; 2.5 V        ; Default          ; Series 50 Ohm without Calibration ; --                        ; no                         ; no                          ; Fitter               ; -                    ; -                   ;
; C_out[6]  ; Unassigned ; --       ; no              ; no                     ; no            ; 2         ; no              ; no         ; no            ; no       ; Off          ; 2.5 V        ; Default          ; Series 50 Ohm without Calibration ; --                        ; no                         ; no                          ; Fitter               ; -                    ; -                   ;
; C_out[7]  ; Unassigned ; --       ; no              ; no                     ; no            ; 2         ; no              ; no         ; no            ; no       ; Off          ; 2.5 V        ; Default          ; Series 50 Ohm without Calibration ; --                        ; no                         ; no                          ; Fitter               ; -                    ; -                   ;
; C_out[8]  ; Unassigned ; --       ; no              ; no                     ; no            ; 2         ; no              ; no         ; no            ; no       ; Off          ; 2.5 V        ; Default          ; Series 50 Ohm without Calibration ; --                        ; no                         ; no                          ; Fitter               ; -                    ; -                   ;
; C_out[9]  ; Unassigned ; --       ; no              ; no                     ; no            ; 2         ; no              ; no         ; no            ; no       ; Off          ; 2.5 V        ; Default          ; Series 50 Ohm without Calibration ; --                        ; no                         ; no                          ; Fitter               ; -                    ; -                   ;
; D_out[0]  ; Unassigned ; --       ; no              ; no                     ; no            ; 2         ; no              ; no         ; no            ; no       ; Off          ; 2.5 V        ; Default          ; Series 50 Ohm without Calibration ; --                        ; no                         ; no                          ; Fitter               ; -                    ; -                   ;
; D_out[10] ; Unassigned ; --       ; no              ; no                     ; no            ; 2         ; no              ; no         ; no            ; no       ; Off          ; 2.5 V        ; Default          ; Series 50 Ohm without Calibration ; --                        ; no                         ; no                          ; Fitter               ; -                    ; -                   ;
; D_out[11] ; Unassigned ; --       ; no              ; no                     ; no            ; 2         ; no              ; no         ; no            ; no       ; Off          ; 2.5 V        ; Default          ; Series 50 Ohm without Calibration ; --                        ; no                         ; no                          ; Fitter               ; -                    ; -                   ;
; D_out[12] ; Unassigned ; --       ; no              ; no                     ; no            ; 2         ; no              ; no         ; no            ; no       ; Off          ; 2.5 V        ; Default          ; Series 50 Ohm without Calibration ; --                        ; no                         ; no                          ; Fitter               ; -                    ; -                   ;
; D_out[13] ; Unassigned ; --       ; no              ; no                     ; no            ; 2         ; no              ; no         ; no            ; no       ; Off          ; 2.5 V        ; Default          ; Series 50 Ohm without Calibration ; --                        ; no                         ; no                          ; Fitter               ; -                    ; -                   ;
; D_out[14] ; Unassigned ; --       ; no              ; no                     ; no            ; 2         ; no              ; no         ; no            ; no       ; Off          ; 2.5 V        ; Default          ; Series 50 Ohm without Calibration ; --                        ; no                         ; no                          ; Fitter               ; -                    ; -                   ;
; D_out[15] ; Unassigned ; --       ; no              ; no                     ; no            ; 2         ; no              ; no         ; no            ; no       ; Off          ; 2.5 V        ; Default          ; Series 50 Ohm without Calibration ; --                        ; no                         ; no                          ; Fitter               ; -                    ; -                   ;
; D_out[16] ; Unassigned ; --       ; no              ; no                     ; no            ; 2         ; no              ; no         ; no            ; no       ; Off          ; 2.5 V        ; Default          ; Series 50 Ohm without Calibration ; --                        ; no                         ; no                          ; Fitter               ; -                    ; -                   ;
; D_out[17] ; Unassigned ; --       ; no              ; no                     ; no            ; 2         ; no              ; no         ; no            ; no       ; Off          ; 2.5 V        ; Default          ; Series 50 Ohm without Calibration ; --                        ; no                         ; no                          ; Fitter               ; -                    ; -                   ;
; D_out[18] ; Unassigned ; --       ; no              ; no                     ; no            ; 2         ; no              ; no         ; no            ; no       ; Off          ; 2.5 V        ; Default          ; Series 50 Ohm without Calibration ; --                        ; no                         ; no                          ; Fitter               ; -                    ; -                   ;
; D_out[19] ; Unassigned ; --       ; no              ; no                     ; no            ; 2         ; no              ; no         ; no            ; no       ; Off          ; 2.5 V        ; Default          ; Series 50 Ohm without Calibration ; --                        ; no                         ; no                          ; Fitter               ; -                    ; -                   ;
; D_out[1]  ; Unassigned ; --       ; no              ; no                     ; no            ; 2         ; no              ; no         ; no            ; no       ; Off          ; 2.5 V        ; Default          ; Series 50 Ohm without Calibration ; --                        ; no                         ; no                          ; Fitter               ; -                    ; -                   ;
; D_out[20] ; Unassigned ; --       ; no              ; no                     ; no            ; 2         ; no              ; no         ; no            ; no       ; Off          ; 2.5 V        ; Default          ; Series 50 Ohm without Calibration ; --                        ; no                         ; no                          ; Fitter               ; -                    ; -                   ;
; D_out[21] ; Unassigned ; --       ; no              ; no                     ; no            ; 2         ; no              ; no         ; no            ; no       ; Off          ; 2.5 V        ; Default          ; Series 50 Ohm without Calibration ; --                        ; no                         ; no                          ; Fitter               ; -                    ; -                   ;
; D_out[22] ; Unassigned ; --       ; no              ; no                     ; no            ; 2         ; no              ; no         ; no            ; no       ; Off          ; 2.5 V        ; Default          ; Series 50 Ohm without Calibration ; --                        ; no                         ; no                          ; Fitter               ; -                    ; -                   ;
; D_out[23] ; Unassigned ; --       ; no              ; no                     ; no            ; 2         ; no              ; no         ; no            ; no       ; Off          ; 2.5 V        ; Default          ; Series 50 Ohm without Calibration ; --                        ; no                         ; no                          ; Fitter               ; -                    ; -                   ;
; D_out[24] ; Unassigned ; --       ; no              ; no                     ; no            ; 2         ; no              ; no         ; no            ; no       ; Off          ; 2.5 V        ; Default          ; Series 50 Ohm without Calibration ; --                        ; no                         ; no                          ; Fitter               ; -                    ; -                   ;
; D_out[25] ; Unassigned ; --       ; no              ; no                     ; no            ; 2         ; no              ; no         ; no            ; no       ; Off          ; 2.5 V        ; Default          ; Series 50 Ohm without Calibration ; --                        ; no                         ; no                          ; Fitter               ; -                    ; -                   ;
; D_out[26] ; Unassigned ; --       ; no              ; no                     ; no            ; 2         ; no              ; no         ; no            ; no       ; Off          ; 2.5 V        ; Default          ; Series 50 Ohm without Calibration ; --                        ; no                         ; no                          ; Fitter               ; -                    ; -                   ;
; D_out[27] ; Unassigned ; --       ; no              ; no                     ; no            ; 2         ; no              ; no         ; no            ; no       ; Off          ; 2.5 V        ; Default          ; Series 50 Ohm without Calibration ; --                        ; no                         ; no                          ; Fitter               ; -                    ; -                   ;
; D_out[28] ; Unassigned ; --       ; no              ; no                     ; no            ; 2         ; no              ; no         ; no            ; no       ; Off          ; 2.5 V        ; Default          ; Series 50 Ohm without Calibration ; --                        ; no                         ; no                          ; Fitter               ; -                    ; -                   ;
; D_out[29] ; Unassigned ; --       ; no              ; no                     ; no            ; 2         ; no              ; no         ; no            ; no       ; Off          ; 2.5 V        ; Default          ; Series 50 Ohm without Calibration ; --                        ; no                         ; no                          ; Fitter               ; -                    ; -                   ;
; D_out[2]  ; Unassigned ; --       ; no              ; no                     ; no            ; 2         ; no              ; no         ; no            ; no       ; Off          ; 2.5 V        ; Default          ; Series 50 Ohm without Calibration ; --                        ; no                         ; no                          ; Fitter               ; -                    ; -                   ;
; D_out[30] ; Unassigned ; --       ; no              ; no                     ; no            ; 2         ; no              ; no         ; no            ; no       ; Off          ; 2.5 V        ; Default          ; Series 50 Ohm without Calibration ; --                        ; no                         ; no                          ; Fitter               ; -                    ; -                   ;
; D_out[31] ; Unassigned ; --       ; no              ; no                     ; no            ; 2         ; no              ; no         ; no            ; no       ; Off          ; 2.5 V        ; Default          ; Series 50 Ohm without Calibration ; --                        ; no                         ; no                          ; Fitter               ; -                    ; -                   ;
; D_out[3]  ; Unassigned ; --       ; no              ; no                     ; no            ; 2         ; no              ; no         ; no            ; no       ; Off          ; 2.5 V        ; Default          ; Series 50 Ohm without Calibration ; --                        ; no                         ; no                          ; Fitter               ; -                    ; -                   ;
; D_out[4]  ; Unassigned ; --       ; no              ; no                     ; no            ; 2         ; no              ; no         ; no            ; no       ; Off          ; 2.5 V        ; Default          ; Series 50 Ohm without Calibration ; --                        ; no                         ; no                          ; Fitter               ; -                    ; -                   ;
; D_out[5]  ; Unassigned ; --       ; no              ; no                     ; no            ; 2         ; no              ; no         ; no            ; no       ; Off          ; 2.5 V        ; Default          ; Series 50 Ohm without Calibration ; --                        ; no                         ; no                          ; Fitter               ; -                    ; -                   ;
; D_out[6]  ; Unassigned ; --       ; no              ; no                     ; no            ; 2         ; no              ; no         ; no            ; no       ; Off          ; 2.5 V        ; Default          ; Series 50 Ohm without Calibration ; --                        ; no                         ; no                          ; Fitter               ; -                    ; -                   ;
; D_out[7]  ; Unassigned ; --       ; no              ; no                     ; no            ; 2         ; no              ; no         ; no            ; no       ; Off          ; 2.5 V        ; Default          ; Series 50 Ohm without Calibration ; --                        ; no                         ; no                          ; Fitter               ; -                    ; -                   ;
; D_out[8]  ; Unassigned ; --       ; no              ; no                     ; no            ; 2         ; no              ; no         ; no            ; no       ; Off          ; 2.5 V        ; Default          ; Series 50 Ohm without Calibration ; --                        ; no                         ; no                          ; Fitter               ; -                    ; -                   ;
; D_out[9]  ; Unassigned ; --       ; no              ; no                     ; no            ; 2         ; no              ; no         ; no            ; no       ; Off          ; 2.5 V        ; Default          ; Series 50 Ohm without Calibration ; --                        ; no                         ; no                          ; Fitter               ; -                    ; -                   ;
+-----------+------------+----------+-----------------+------------------------+---------------+-----------+-----------------+------------+---------------+----------+--------------+--------------+------------------+-----------------------------------+---------------------------+----------------------------+-----------------------------+----------------------+----------------------+---------------------+


+-----------------------------------------------------------------------------------+
; Dual Purpose and Dedicated Pins                                                   ;
+----------+-----------+-------------+------------------+---------------------------+
; Location ; Pin Name  ; Reserved As ; User Signal Name ; Pin Type                  ;
+----------+-----------+-------------+------------------+---------------------------+
; F4       ; nSTATUS   ; -           ; -                ; Dedicated Programming Pin ;
; H5       ; nCONFIG   ; -           ; -                ; Dedicated Programming Pin ;
; J3       ; nCE       ; -           ; -                ; Dedicated Programming Pin ;
; H14      ; CONF_DONE ; -           ; -                ; Dedicated Programming Pin ;
; H13      ; MSEL0     ; -           ; -                ; Dedicated Programming Pin ;
; H12      ; MSEL1     ; -           ; -                ; Dedicated Programming Pin ;
; G12      ; MSEL2     ; -           ; -                ; Dedicated Programming Pin ;
; G12      ; MSEL3     ; -           ; -                ; Dedicated Programming Pin ;
+----------+-----------+-------------+------------------+---------------------------+


+----------------------------------------------------------+
; I/O Bank Usage                                           ;
+----------+----------------+---------------+--------------+
; I/O Bank ; Usage          ; VCCIO Voltage ; VREF Voltage ;
+----------+----------------+---------------+--------------+
; 1        ; 0 / 14 ( 0 % ) ; 2.5V          ; --           ;
; 2        ; 0 / 18 ( 0 % ) ; 2.5V          ; --           ;
; 3        ; 0 / 25 ( 0 % ) ; 2.5V          ; --           ;
; 4        ; 0 / 27 ( 0 % ) ; 2.5V          ; --           ;
; 5        ; 0 / 20 ( 0 % ) ; 2.5V          ; --           ;
; 6        ; 0 / 14 ( 0 % ) ; 2.5V          ; --           ;
; 7        ; 0 / 24 ( 0 % ) ; 2.5V          ; --           ;
; 8        ; 0 / 24 ( 0 % ) ; 2.5V          ; --           ;
; Unknown  ; 264            ; --            ;              ;
+----------+----------------+---------------+--------------+


+---------------------------------------------------------------------------------------------------------------------------------------------------------------+
; All Package Pins                                                                                                                                              ;
+----------+------------+----------+---------------------------------+--------+--------------+---------+------------+-----------------+----------+--------------+
; Location ; Pad Number ; I/O Bank ; Pin Name/Usage                  ; Dir.   ; I/O Standard ; Voltage ; I/O Type   ; User Assignment ; Bus Hold ; Weak Pull Up ;
+----------+------------+----------+---------------------------------+--------+--------------+---------+------------+-----------------+----------+--------------+
; A1       ;            ; 8        ; VCCIO8                          ; power  ;              ; 2.5V    ; --         ;                 ; --       ; --           ;
; A2       ; 356        ; 8        ; RESERVED_INPUT_WITH_WEAK_PULLUP ;        ;              ;         ; Column I/O ;                 ; --       ; --           ;
; A3       ; 358        ; 8        ; RESERVED_INPUT_WITH_WEAK_PULLUP ;        ;              ;         ; Column I/O ;                 ; no       ; On           ;
; A4       ; 354        ; 8        ; RESERVED_INPUT_WITH_WEAK_PULLUP ;        ;              ;         ; Column I/O ;                 ; no       ; On           ;
; A5       ; 349        ; 8        ; RESERVED_INPUT_WITH_WEAK_PULLUP ;        ;              ;         ; Column I/O ;                 ; no       ; On           ;
; A6       ; 339        ; 8        ; RESERVED_INPUT_WITH_WEAK_PULLUP ;        ;              ;         ; Column I/O ;                 ; no       ; On           ;
; A7       ; 334        ; 8        ; RESERVED_INPUT_WITH_WEAK_PULLUP ;        ;              ;         ; Column I/O ;                 ; no       ; On           ;
; A8       ; 321        ; 8        ; GND+                            ;        ;              ;         ; Column I/O ;                 ; --       ; --           ;
; A9       ; 319        ; 7        ; GND+                            ;        ;              ;         ; Column I/O ;                 ; --       ; --           ;
; A10      ; 307        ; 7        ; RESERVED_INPUT_WITH_WEAK_PULLUP ;        ;              ;         ; Column I/O ;                 ; no       ; On           ;
; A11      ; 296        ; 7        ; RESERVED_INPUT_WITH_WEAK_PULLUP ;        ;              ;         ; Column I/O ;                 ; no       ; On           ;
; A12      ; 292        ; 7        ; RESERVED_INPUT_WITH_WEAK_PULLUP ;        ;              ;         ; Column I/O ;                 ; no       ; On           ;
; A13      ; 300        ; 7        ; RESERVED_INPUT_WITH_WEAK_PULLUP ;        ;              ;         ; Column I/O ;                 ; --       ; --           ;
; A14      ; 284        ; 7        ; RESERVED_INPUT_WITH_WEAK_PULLUP ;        ;              ;         ; Column I/O ;                 ; no       ; On           ;
; A15      ; 301        ; 7        ; RESERVED_INPUT_WITH_WEAK_PULLUP ;        ;              ;         ; Column I/O ;                 ; no       ; On           ;
; A16      ;            ; 7        ; VCCIO7                          ; power  ;              ; 2.5V    ; --         ;                 ; --       ; --           ;
; B1       ; 6          ; 1        ; RESERVED_INPUT_WITH_WEAK_PULLUP ;        ;              ;         ; Row I/O    ;                 ; no       ; On           ;
; B2       ;            ;          ; GND                             ; gnd    ;              ;         ; --         ;                 ; --       ; --           ;
; B3       ; 359        ; 8        ; RESERVED_INPUT_WITH_WEAK_PULLUP ;        ;              ;         ; Column I/O ;                 ; no       ; On           ;
; B4       ; 355        ; 8        ; RESERVED_INPUT_WITH_WEAK_PULLUP ;        ;              ;         ; Column I/O ;                 ; no       ; On           ;
; B5       ; 351        ; 8        ; RESERVED_INPUT_WITH_WEAK_PULLUP ;        ;              ;         ; Column I/O ;                 ; no       ; On           ;
; B6       ; 340        ; 8        ; RESERVED_INPUT_WITH_WEAK_PULLUP ;        ;              ;         ; Column I/O ;                 ; no       ; On           ;
; B7       ; 335        ; 8        ; RESERVED_INPUT_WITH_WEAK_PULLUP ;        ;              ;         ; Column I/O ;                 ; no       ; On           ;
; B8       ; 322        ; 8        ; GND+                            ;        ;              ;         ; Column I/O ;                 ; --       ; --           ;
; B9       ; 320        ; 7        ; GND+                            ;        ;              ;         ; Column I/O ;                 ; --       ; --           ;
; B10      ; 308        ; 7        ; RESERVED_INPUT_WITH_WEAK_PULLUP ;        ;              ;         ; Column I/O ;                 ; no       ; On           ;
; B11      ; 297        ; 7        ; RESERVED_INPUT_WITH_WEAK_PULLUP ;        ;              ;         ; Column I/O ;                 ; no       ; On           ;
; B12      ; 293        ; 7        ; RESERVED_INPUT_WITH_WEAK_PULLUP ;        ;              ;         ; Column I/O ;                 ; no       ; On           ;
; B13      ; 282        ; 7        ; RESERVED_INPUT_WITH_WEAK_PULLUP ;        ;              ;         ; Column I/O ;                 ; no       ; On           ;
; B14      ; 285        ; 7        ; RESERVED_INPUT_WITH_WEAK_PULLUP ;        ;              ;         ; Column I/O ;                 ; no       ; On           ;
; B15      ;            ;          ; GND                             ; gnd    ;              ;         ; --         ;                 ; --       ; --           ;
; B16      ; 241        ; 6        ; RESERVED_INPUT_WITH_WEAK_PULLUP ;        ;              ;         ; Row I/O    ;                 ; no       ; On           ;
; C1       ; 9          ; 1        ; RESERVED_INPUT_WITH_WEAK_PULLUP ;        ;              ;         ; Row I/O    ;                 ; no       ; On           ;
; C2       ; 8          ; 1        ; RESERVED_INPUT_WITH_WEAK_PULLUP ;        ;              ;         ; Row I/O    ;                 ; no       ; On           ;
; C3       ; 362        ; 8        ; RESERVED_INPUT_WITH_WEAK_PULLUP ;        ;              ;         ; Column I/O ;                 ; no       ; On           ;
; C4       ;            ; 8        ; VCCIO8                          ; power  ;              ; 2.5V    ; --         ;                 ; --       ; --           ;
; C5       ;            ;          ; GND                             ; gnd    ;              ;         ; --         ;                 ; --       ; --           ;
; C6       ; 338        ; 8        ; RESERVED_INPUT_WITH_WEAK_PULLUP ;        ;              ;         ; Column I/O ;                 ; --       ; --           ;
; C7       ;            ; 8        ; VCCIO8                          ; power  ;              ; 2.5V    ; --         ;                 ; --       ; --           ;
; C8       ; 329        ; 8        ; RESERVED_INPUT_WITH_WEAK_PULLUP ;        ;              ;         ; Column I/O ;                 ; no       ; On           ;
; C9       ; 309        ; 7        ; RESERVED_INPUT_WITH_WEAK_PULLUP ;        ;              ;         ; Column I/O ;                 ; no       ; On           ;
; C10      ;            ; 7        ; VCCIO7                          ; power  ;              ; 2.5V    ; --         ;                 ; --       ; --           ;
; C11      ; 281        ; 7        ; RESERVED_INPUT_WITH_WEAK_PULLUP ;        ;              ;         ; Column I/O ;                 ; --       ; --           ;
; C12      ;            ;          ; GND                             ; gnd    ;              ;         ; --         ;                 ; --       ; --           ;
; C13      ;            ; 7        ; VCCIO7                          ; power  ;              ; 2.5V    ; --         ;                 ; --       ; --           ;
; C14      ; 274        ; 7        ; RESERVED_INPUT_WITH_WEAK_PULLUP ;        ;              ;         ; Column I/O ;                 ; no       ; On           ;
; C15      ; 271        ; 6        ; RESERVED_INPUT_WITH_WEAK_PULLUP ;        ;              ;         ; Row I/O    ;                 ; no       ; On           ;
; C16      ; 270        ; 6        ; RESERVED_INPUT_WITH_WEAK_PULLUP ;        ;              ;         ; Row I/O    ;                 ; no       ; On           ;
; D1       ; 14         ; 1        ; RESERVED_INPUT_WITH_WEAK_PULLUP ;        ;              ;         ; Row I/O    ;                 ; no       ; On           ;
; D2       ; 13         ; 1        ; RESERVED_INPUT_WITH_WEAK_PULLUP ;        ;              ;         ; Row I/O    ;                 ; no       ; On           ;
; D3       ; 363        ; 8        ; RESERVED_INPUT_WITH_WEAK_PULLUP ;        ;              ;         ; Column I/O ;                 ; no       ; On           ;
; D4       ;            ;          ; VCCD_PLL3                       ; power  ;              ; 1.0V    ; --         ;                 ; --       ; --           ;
; D5       ; 357        ; 8        ; RESERVED_INPUT_WITH_WEAK_PULLUP ;        ;              ;         ; Column I/O ;                 ; no       ; On           ;
; D6       ; 352        ; 8        ; RESERVED_INPUT_WITH_WEAK_PULLUP ;        ;              ;         ; Column I/O ;                 ; no       ; On           ;
; D7       ;            ;          ; GND                             ; gnd    ;              ;         ; --         ;                 ; --       ; --           ;
; D8       ; 330        ; 8        ; RESERVED_INPUT_WITH_WEAK_PULLUP ;        ;              ;         ; Column I/O ;                 ; no       ; On           ;
; D9       ; 310        ; 7        ; RESERVED_INPUT_WITH_WEAK_PULLUP ;        ;              ;         ; Column I/O ;                 ; no       ; On           ;
; D10      ;            ;          ; GND                             ; gnd    ;              ;         ; --         ;                 ; --       ; --           ;
; D11      ; 278        ; 7        ; RESERVED_INPUT_WITH_WEAK_PULLUP ;        ;              ;         ; Column I/O ;                 ; no       ; On           ;
; D12      ; 279        ; 7        ; RESERVED_INPUT_WITH_WEAK_PULLUP ;        ;              ;         ; Column I/O ;                 ; no       ; On           ;
; D13      ;            ;          ; VCCD_PLL2                       ; power  ;              ; 1.0V    ; --         ;                 ; --       ; --           ;
; D14      ; 275        ; 7        ; RESERVED_INPUT_WITH_WEAK_PULLUP ;        ;              ;         ; Column I/O ;                 ; no       ; On           ;
; D15      ; 261        ; 6        ; RESERVED_INPUT_WITH_WEAK_PULLUP ;        ;              ;         ; Row I/O    ;                 ; no       ; On           ;
; D16      ; 260        ; 6        ; RESERVED_INPUT_WITH_WEAK_PULLUP ;        ;              ;         ; Row I/O    ;                 ; no       ; On           ;
; E1       ; 39         ; 1        ; GND+                            ;        ;              ;         ; Row I/O    ;                 ; --       ; --           ;
; E2       ;            ;          ; GND                             ; gnd    ;              ;         ; --         ;                 ; --       ; --           ;
; E3       ;            ; 1        ; VCCIO1                          ; power  ;              ; 2.5V    ; --         ;                 ; --       ; --           ;
; E4       ;            ;          ; GND                             ; gnd    ;              ;         ; --         ;                 ; --       ; --           ;
; E5       ;            ;          ; GNDA3                           ; gnd    ;              ;         ; --         ;                 ; --       ; --           ;
; E6       ; 348        ; 8        ; RESERVED_INPUT_WITH_WEAK_PULLUP ;        ;              ;         ; Column I/O ;                 ; no       ; On           ;
; E7       ; 345        ; 8        ; RESERVED_INPUT_WITH_WEAK_PULLUP ;        ;              ;         ; Column I/O ;                 ; no       ; On           ;
; E8       ; 332        ; 8        ; RESERVED_INPUT_WITH_WEAK_PULLUP ;        ;              ;         ; Column I/O ;                 ; no       ; On           ;
; E9       ; 315        ; 7        ; RESERVED_INPUT_WITH_WEAK_PULLUP ;        ;              ;         ; Column I/O ;                 ; no       ; On           ;
; E10      ; 290        ; 7        ; RESERVED_INPUT_WITH_WEAK_PULLUP ;        ;              ;         ; Column I/O ;                 ; no       ; On           ;
; E11      ; 289        ; 7        ; RESERVED_INPUT_WITH_WEAK_PULLUP ;        ;              ;         ; Column I/O ;                 ; no       ; On           ;
; E12      ;            ;          ; GNDA2                           ; gnd    ;              ;         ; --         ;                 ; --       ; --           ;
; E13      ;            ;          ; GND                             ; gnd    ;              ;         ; --         ;                 ; --       ; --           ;
; E14      ;            ; 6        ; VCCIO6                          ; power  ;              ; 2.5V    ; --         ;                 ; --       ; --           ;
; E15      ; 226        ; 6        ; GND+                            ;        ;              ;         ; Row I/O    ;                 ; --       ; --           ;
; E16      ; 225        ; 6        ; GND+                            ;        ;              ;         ; Row I/O    ;                 ; --       ; --           ;
; F1       ; 23         ; 1        ; RESERVED_INPUT_WITH_WEAK_PULLUP ;        ;              ;         ; Row I/O    ;                 ; no       ; On           ;
; F2       ; 22         ; 1        ; RESERVED_INPUT_WITH_WEAK_PULLUP ;        ;              ;         ; Row I/O    ;                 ; no       ; On           ;
; F3       ; 10         ; 1        ; RESERVED_INPUT_WITH_WEAK_PULLUP ;        ;              ;         ; Row I/O    ;                 ; --       ; --           ;
; F4       ; 19         ; 1        ; ^nSTATUS                        ;        ;              ;         ; --         ;                 ; --       ; --           ;
; F5       ;            ; --       ; VCCA3                           ; power  ;              ; 2.5V    ; --         ;                 ; --       ; --           ;
; F6       ;            ;          ; GND                             ; gnd    ;              ;         ; --         ;                 ; --       ; --           ;
; F7       ;            ;          ; VCCINT                          ; power  ;              ; 1.0V    ; --         ;                 ; --       ; --           ;
; F8       ; 333        ; 8        ; RESERVED_INPUT_WITH_WEAK_PULLUP ;        ;              ;         ; Column I/O ;                 ; no       ; On           ;
; F9       ; 306        ; 7        ; RESERVED_INPUT_WITH_WEAK_PULLUP ;        ;              ;         ; Column I/O ;                 ; no       ; On           ;
; F10      ;            ;          ; GND                             ; gnd    ;              ;         ; --         ;                 ; --       ; --           ;
; F11      ;            ;          ; VCCINT                          ; power  ;              ; 1.0V    ; --         ;                 ; --       ; --           ;
; F12      ;            ; --       ; VCCA2                           ; power  ;              ; 2.5V    ; --         ;                 ; --       ; --           ;
; F13      ; 237        ; 6        ; RESERVED_INPUT_WITH_WEAK_PULLUP ;        ;              ;         ; Row I/O    ;                 ; --       ; --           ;
; F14      ; 257        ; 6        ; RESERVED_INPUT_WITH_WEAK_PULLUP ;        ;              ;         ; Row I/O    ;                 ; --       ; --           ;
; F15      ; 240        ; 6        ; RESERVED_INPUT_WITH_WEAK_PULLUP ;        ;              ;         ; Row I/O    ;                 ; no       ; On           ;
; F16      ; 239        ; 6        ; RESERVED_INPUT_WITH_WEAK_PULLUP ;        ;              ;         ; Row I/O    ;                 ; no       ; On           ;
; G1       ; 27         ; 1        ; RESERVED_INPUT_WITH_WEAK_PULLUP ;        ;              ;         ; Row I/O    ;                 ; --       ; --           ;
; G2       ; 24         ; 1        ; RESERVED_INPUT_WITH_WEAK_PULLUP ;        ;              ;         ; Row I/O    ;                 ; no       ; On           ;
; G3       ;            ; 1        ; VCCIO1                          ; power  ;              ; 2.5V    ; --         ;                 ; --       ; --           ;
; G4       ;            ;          ; GND                             ; gnd    ;              ;         ; --         ;                 ; --       ; --           ;
; G5       ; 21         ; 1        ; RESERVED_INPUT_WITH_WEAK_PULLUP ;        ;              ;         ; Row I/O    ;                 ; no       ; On           ;
; G6       ;            ;          ; VCCINT                          ; power  ;              ; 1.0V    ; --         ;                 ; --       ; --           ;
; G7       ;            ;          ; VCCINT                          ; power  ;              ; 1.0V    ; --         ;                 ; --       ; --           ;
; G8       ;            ;          ; VCCINT                          ; power  ;              ; 1.0V    ; --         ;                 ; --       ; --           ;
; G9       ;            ;          ; VCCINT                          ; power  ;              ; 1.0V    ; --         ;                 ; --       ; --           ;
; G10      ;            ;          ; VCCINT                          ; power  ;              ; 1.0V    ; --         ;                 ; --       ; --           ;
; G11      ; 269        ; 6        ; RESERVED_INPUT_WITH_WEAK_PULLUP ;        ;              ;         ; Row I/O    ;                 ; no       ; On           ;
; G12      ; 230        ; 6        ; ^MSEL2                          ;        ;              ;         ; --         ;                 ; --       ; --           ;
; G12      ; 231        ; 6        ; ^MSEL3                          ;        ;              ;         ; --         ;                 ; --       ; --           ;
; G13      ;            ;          ; GND                             ; gnd    ;              ;         ; --         ;                 ; --       ; --           ;
; G14      ;            ; 6        ; VCCIO6                          ; power  ;              ; 2.5V    ; --         ;                 ; --       ; --           ;
; G15      ; 235        ; 6        ; RESERVED_INPUT_WITH_WEAK_PULLUP ;        ;              ;         ; Row I/O    ;                 ; no       ; On           ;
; G16      ; 234        ; 6        ; RESERVED_INPUT_WITH_WEAK_PULLUP ;        ;              ;         ; Row I/O    ;                 ; no       ; On           ;
; H1       ; 30         ; 1        ; RESERVED_INPUT_WITH_WEAK_PULLUP ;        ;              ;         ; Row I/O    ;                 ; --       ; On           ;
; H2       ; 31         ; 1        ; RESERVED_INPUT_WITH_WEAK_PULLUP ;        ;              ;         ; Row I/O    ;                 ; no       ; On           ;
; H3       ; 34         ; 1        ; #TCK                            ; input  ;              ;         ; --         ;                 ; --       ; --           ;
; H4       ; 33         ; 1        ; #TDI                            ; input  ;              ;         ; --         ;                 ; --       ; --           ;
; H5       ; 32         ; 1        ; ^nCONFIG                        ;        ;              ;         ; --         ;                 ; --       ; --           ;
; H6       ;            ;          ; VCCINT                          ; power  ;              ; 1.0V    ; --         ;                 ; --       ; --           ;
; H7       ;            ;          ; GND                             ; gnd    ;              ;         ; --         ;                 ; --       ; --           ;
; H8       ;            ;          ; GND                             ; gnd    ;              ;         ; --         ;                 ; --       ; --           ;
; H9       ;            ;          ; GND                             ; gnd    ;              ;         ; --         ;                 ; --       ; --           ;
; H10      ;            ;          ; GND                             ; gnd    ;              ;         ; --         ;                 ; --       ; --           ;
; H11      ;            ;          ; VCCINT                          ; power  ;              ; 1.0V    ; --         ;                 ; --       ; --           ;
; H12      ; 229        ; 6        ; ^MSEL1                          ;        ;              ;         ; --         ;                 ; --       ; --           ;
; H13      ; 228        ; 6        ; ^MSEL0                          ;        ;              ;         ; --         ;                 ; --       ; --           ;
; H14      ; 227        ; 6        ; ^CONF_DONE                      ;        ;              ;         ; --         ;                 ; --       ; --           ;
; H15      ;            ;          ; GND                             ; gnd    ;              ;         ; --         ;                 ; --       ; --           ;
; H16      ;            ;          ; GND                             ; gnd    ;              ;         ; --         ;                 ; --       ; --           ;
; J1       ; 45         ; 2        ; RESERVED_INPUT_WITH_WEAK_PULLUP ;        ;              ;         ; Row I/O    ;                 ; no       ; On           ;
; J2       ; 44         ; 2        ; RESERVED_INPUT_WITH_WEAK_PULLUP ;        ;              ;         ; Row I/O    ;                 ; no       ; On           ;
; J3       ; 37         ; 1        ; ^nCE                            ;        ;              ;         ; --         ;                 ; --       ; --           ;
; J4       ; 36         ; 1        ; #TDO                            ; output ;              ;         ; --         ;                 ; --       ; --           ;
; J5       ; 35         ; 1        ; #TMS                            ; input  ;              ;         ; --         ;                 ; --       ; --           ;
; J6       ;            ;          ; VCCINT                          ; power  ;              ; 1.0V    ; --         ;                 ; --       ; --           ;
; J7       ;            ;          ; GND                             ; gnd    ;              ;         ; --         ;                 ; --       ; --           ;
; J8       ;            ;          ; GND                             ; gnd    ;              ;         ; --         ;                 ; --       ; --           ;
; J9       ;            ;          ; GND                             ; gnd    ;              ;         ; --         ;                 ; --       ; --           ;
; J10      ;            ;          ; GND                             ; gnd    ;              ;         ; --         ;                 ; --       ; --           ;
; J11      ;            ;          ; GND                             ; gnd    ;              ;         ; --         ;                 ; --       ; --           ;
; J12      ; 221        ; 5        ; RESERVED_INPUT_WITH_WEAK_PULLUP ;        ;              ;         ; Row I/O    ;                 ; no       ; On           ;
; J13      ; 222        ; 5        ; RESERVED_INPUT_WITH_WEAK_PULLUP ;        ;              ;         ; Row I/O    ;                 ; no       ; On           ;
; J14      ; 220        ; 5        ; RESERVED_INPUT_WITH_WEAK_PULLUP ;        ;              ;         ; Row I/O    ;                 ; no       ; On           ;
; J15      ; 217        ; 5        ; RESERVED_INPUT_WITH_WEAK_PULLUP ;        ;              ;         ; Row I/O    ;                 ; no       ; On           ;
; J16      ; 216        ; 5        ; RESERVED_INPUT_WITH_WEAK_PULLUP ;        ;              ;         ; Row I/O    ;                 ; no       ; On           ;
; K1       ; 55         ; 2        ; RESERVED_INPUT_WITH_WEAK_PULLUP ;        ;              ;         ; Row I/O    ;                 ; no       ; On           ;
; K2       ; 72         ; 2        ; RESERVED_INPUT_WITH_WEAK_PULLUP ;        ;              ;         ; Row I/O    ;                 ; --       ; --           ;
; K3       ;            ; 2        ; VCCIO2                          ; power  ;              ; 2.5V    ; --         ;                 ; --       ; --           ;
; K4       ;            ;          ; GND                             ; gnd    ;              ;         ; --         ;                 ; --       ; --           ;
; K5       ; 77         ; 2        ; RESERVED_INPUT_WITH_WEAK_PULLUP ;        ;              ;         ; Row I/O    ;                 ; no       ; On           ;
; K6       ; 48         ; 2        ; RESERVED_INPUT_WITH_WEAK_PULLUP ;        ;              ;         ; Row I/O    ;                 ; no       ; On           ;
; K7       ;            ;          ; VCCINT                          ; power  ;              ; 1.0V    ; --         ;                 ; --       ; --           ;
; K8       ;            ;          ; GND                             ; gnd    ;              ;         ; --         ;                 ; --       ; --           ;
; K9       ; 138        ; 4        ; RESERVED_INPUT_WITH_WEAK_PULLUP ;        ;              ;         ; Column I/O ;                 ; no       ; On           ;
; K10      ; 150        ; 4        ; RESERVED_INPUT_WITH_WEAK_PULLUP ;        ;              ;         ; Column I/O ;                 ; no       ; On           ;
; K11      ;            ;          ; VCCINT                          ; power  ;              ; 1.0V    ; --         ;                 ; --       ; --           ;
; K12      ; 179        ; 5        ; RESERVED_INPUT_WITH_WEAK_PULLUP ;        ;              ;         ; Row I/O    ;                 ; no       ; On           ;
; K13      ;            ;          ; GND                             ; gnd    ;              ;         ; --         ;                 ; --       ; --           ;
; K14      ;            ; 5        ; VCCIO5                          ; power  ;              ; 2.5V    ; --         ;                 ; --       ; --           ;
; K15      ; 215        ; 5        ; RESERVED_INPUT_WITH_WEAK_PULLUP ;        ;              ;         ; Row I/O    ;                 ; no       ; On           ;
; K16      ; 214        ; 5        ; RESERVED_INPUT_WITH_WEAK_PULLUP ;        ;              ;         ; Row I/O    ;                 ; no       ; On           ;
; L1       ; 58         ; 2        ; RESERVED_INPUT_WITH_WEAK_PULLUP ;        ;              ;         ; Row I/O    ;                 ; no       ; On           ;
; L2       ; 57         ; 2        ; RESERVED_INPUT_WITH_WEAK_PULLUP ;        ;              ;         ; Row I/O    ;                 ; no       ; On           ;
; L3       ; 51         ; 2        ; RESERVED_INPUT_WITH_WEAK_PULLUP ;        ;              ;         ; Row I/O    ;                 ; --       ; --           ;
; L4       ; 78         ; 2        ; RESERVED_INPUT_WITH_WEAK_PULLUP ;        ;              ;         ; Row I/O    ;                 ; no       ; On           ;
; L5       ;            ; --       ; VCCA1                           ; power  ;              ; 2.5V    ; --         ;                 ; --       ; --           ;
; L6       ; 49         ; 2        ; RESERVED_INPUT_WITH_WEAK_PULLUP ;        ;              ;         ; Row I/O    ;                 ; no       ; On           ;
; L7       ; 125        ; 3        ; RESERVED_INPUT_WITH_WEAK_PULLUP ;        ;              ;         ; Column I/O ;                 ; no       ; On           ;
; L8       ; 128        ; 3        ; RESERVED_INPUT_WITH_WEAK_PULLUP ;        ;              ;         ; Column I/O ;                 ; no       ; On           ;
; L9       ; 139        ; 4        ; RESERVED_INPUT_WITH_WEAK_PULLUP ;        ;              ;         ; Column I/O ;                 ; no       ; On           ;
; L10      ; 153        ; 4        ; RESERVED_INPUT_WITH_WEAK_PULLUP ;        ;              ;         ; Column I/O ;                 ; no       ; On           ;
; L11      ; 173        ; 4        ; RESERVED_INPUT_WITH_WEAK_PULLUP ;        ;              ;         ; Column I/O ;                 ; no       ; On           ;
; L12      ;            ; --       ; VCCA4                           ; power  ;              ; 2.5V    ; --         ;                 ; --       ; --           ;
; L13      ; 203        ; 5        ; RESERVED_INPUT_WITH_WEAK_PULLUP ;        ;              ;         ; Row I/O    ;                 ; no       ; On           ;
; L14      ; 194        ; 5        ; RESERVED_INPUT_WITH_WEAK_PULLUP ;        ;              ;         ; Row I/O    ;                 ; --       ; --           ;
; L15      ; 208        ; 5        ; RESERVED_INPUT_WITH_WEAK_PULLUP ;        ;              ;         ; Row I/O    ;                 ; --       ; --           ;
; L16      ; 204        ; 5        ; RESERVED_INPUT_WITH_WEAK_PULLUP ;        ;              ;         ; Row I/O    ;                 ; no       ; On           ;
; M1       ; 41         ; 2        ; GND+                            ;        ;              ;         ; Row I/O    ;                 ; --       ; --           ;
; M2       ; 40         ; 2        ; GND+                            ;        ;              ;         ; Row I/O    ;                 ; --       ; --           ;
; M3       ;            ; 2        ; VCCIO2                          ; power  ;              ; 2.5V    ; --         ;                 ; --       ; --           ;
; M4       ;            ;          ; GND                             ; gnd    ;              ;         ; --         ;                 ; --       ; --           ;
; M5       ;            ;          ; GNDA1                           ; gnd    ;              ;         ; --         ;                 ; --       ; --           ;
; M6       ; 106        ; 3        ; RESERVED_INPUT_WITH_WEAK_PULLUP ;        ;              ;         ; Column I/O ;                 ; no       ; On           ;
; M7       ; 120        ; 3        ; RESERVED_INPUT_WITH_WEAK_PULLUP ;        ;              ;         ; Column I/O ;                 ; no       ; On           ;
; M8       ; 131        ; 3        ; RESERVED_INPUT_WITH_WEAK_PULLUP ;        ;              ;         ; Column I/O ;                 ; no       ; On           ;
; M9       ; 140        ; 4        ; RESERVED_INPUT_WITH_WEAK_PULLUP ;        ;              ;         ; Column I/O ;                 ; no       ; On           ;
; M10      ; 164        ; 4        ; RESERVED_INPUT_WITH_WEAK_PULLUP ;        ;              ;         ; Column I/O ;                 ; no       ; On           ;
; M11      ; 174        ; 4        ; RESERVED_INPUT_WITH_WEAK_PULLUP ;        ;              ;         ; Column I/O ;                 ; no       ; On           ;
; M12      ;            ;          ; GNDA4                           ; gnd    ;              ;         ; --         ;                 ; --       ; --           ;
; M13      ;            ;          ; GND                             ; gnd    ;              ;         ; --         ;                 ; --       ; --           ;
; M14      ;            ; 5        ; VCCIO5                          ; power  ;              ; 2.5V    ; --         ;                 ; --       ; --           ;
; M15      ; 224        ; 5        ; GND+                            ;        ;              ;         ; Row I/O    ;                 ; --       ; --           ;
; M16      ; 223        ; 5        ; GND+                            ;        ;              ;         ; Row I/O    ;                 ; --       ; --           ;
; N1       ; 76         ; 2        ; RESERVED_INPUT_WITH_WEAK_PULLUP ;        ;              ;         ; Row I/O    ;                 ; no       ; On           ;
; N2       ; 75         ; 2        ; RESERVED_INPUT_WITH_WEAK_PULLUP ;        ;              ;         ; Row I/O    ;                 ; no       ; On           ;
; N3       ; 92         ; 3        ; RESERVED_INPUT_WITH_WEAK_PULLUP ;        ;              ;         ; Column I/O ;                 ; no       ; On           ;
; N4       ;            ;          ; VCCD_PLL1                       ; power  ;              ; 1.0V    ; --         ;                 ; --       ; --           ;
; N5       ; 104        ; 3        ; RESERVED_INPUT_WITH_WEAK_PULLUP ;        ;              ;         ; Column I/O ;                 ; no       ; On           ;
; N6       ; 105        ; 3        ; RESERVED_INPUT_WITH_WEAK_PULLUP ;        ;              ;         ; Column I/O ;                 ; no       ; On           ;
; N7       ;            ;          ; GND                             ; gnd    ;              ;         ; --         ;                 ; --       ; --           ;
; N8       ; 132        ; 3        ; RESERVED_INPUT_WITH_WEAK_PULLUP ;        ;              ;         ; Column I/O ;                 ; no       ; On           ;
; N9       ; 141        ; 4        ; RESERVED_INPUT_WITH_WEAK_PULLUP ;        ;              ;         ; Column I/O ;                 ; no       ; On           ;
; N10      ;            ;          ; GND                             ; gnd    ;              ;         ; --         ;                 ; --       ; --           ;
; N11      ; 165        ; 4        ; RESERVED_INPUT_WITH_WEAK_PULLUP ;        ;              ;         ; Column I/O ;                 ; no       ; On           ;
; N12      ; 155        ; 4        ; RESERVED_INPUT_WITH_WEAK_PULLUP ;        ;              ;         ; Column I/O ;                 ; --       ; --           ;
; N13      ;            ;          ; VCCD_PLL4                       ; power  ;              ; 1.0V    ; --         ;                 ; --       ; --           ;
; N14      ; 181        ; 5        ; RESERVED_INPUT_WITH_WEAK_PULLUP ;        ;              ;         ; Row I/O    ;                 ; no       ; On           ;
; N15      ; 191        ; 5        ; RESERVED_INPUT_WITH_WEAK_PULLUP ;        ;              ;         ; Row I/O    ;                 ; no       ; On           ;
; N16      ; 190        ; 5        ; RESERVED_INPUT_WITH_WEAK_PULLUP ;        ;              ;         ; Row I/O    ;                 ; no       ; On           ;
; P1       ; 83         ; 2        ; RESERVED_INPUT_WITH_WEAK_PULLUP ;        ;              ;         ; Row I/O    ;                 ; no       ; On           ;
; P2       ; 82         ; 2        ; RESERVED_INPUT_WITH_WEAK_PULLUP ;        ;              ;         ; Row I/O    ;                 ; no       ; On           ;
; P3       ; 93         ; 3        ; RESERVED_INPUT_WITH_WEAK_PULLUP ;        ;              ;         ; Column I/O ;                 ; no       ; On           ;
; P4       ;            ; 3        ; VCCIO3                          ; power  ;              ; 2.5V    ; --         ;                 ; --       ; --           ;
; P5       ;            ;          ; GND                             ; gnd    ;              ;         ; --         ;                 ; --       ; --           ;
; P6       ; 119        ; 3        ; RESERVED_INPUT_WITH_WEAK_PULLUP ;        ;              ;         ; Column I/O ;                 ; --       ; --           ;
; P7       ;            ; 3        ; VCCIO3                          ; power  ;              ; 2.5V    ; --         ;                 ; --       ; --           ;
; P8       ; 133        ; 3        ; RESERVED_INPUT_WITH_WEAK_PULLUP ;        ;              ;         ; Column I/O ;                 ; no       ; On           ;
; P9       ; 154        ; 4        ; RESERVED_INPUT_WITH_WEAK_PULLUP ;        ;              ;         ; Column I/O ;                 ; no       ; On           ;
; P10      ;            ; 4        ; VCCIO4                          ; power  ;              ; 2.5V    ; --         ;                 ; --       ; --           ;
; P11      ; 168        ; 4        ; RESERVED_INPUT_WITH_WEAK_PULLUP ;        ;              ;         ; Column I/O ;                 ; --       ; --           ;
; P12      ;            ;          ; GND                             ; gnd    ;              ;         ; --         ;                 ; --       ; --           ;
; P13      ;            ; 4        ; VCCIO4                          ; power  ;              ; 2.5V    ; --         ;                 ; --       ; --           ;
; P14      ; 171        ; 4        ; RESERVED_INPUT_WITH_WEAK_PULLUP ;        ;              ;         ; Column I/O ;                 ; no       ; On           ;
; P15      ; 182        ; 5        ; RESERVED_INPUT_WITH_WEAK_PULLUP ;        ;              ;         ; Row I/O    ;                 ; no       ; On           ;
; P16      ; 183        ; 5        ; RESERVED_INPUT_WITH_WEAK_PULLUP ;        ;              ;         ; Row I/O    ;                 ; no       ; On           ;
; R1       ; 81         ; 2        ; RESERVED_INPUT_WITH_WEAK_PULLUP ;        ;              ;         ; Row I/O    ;                 ; no       ; On           ;
; R2       ;            ;          ; GND                             ; gnd    ;              ;         ; --         ;                 ; --       ; --           ;
; R3       ; 95         ; 3        ; RESERVED_INPUT_WITH_WEAK_PULLUP ;        ;              ;         ; Column I/O ;                 ; no       ; On           ;
; R4       ; 102        ; 3        ; RESERVED_INPUT_WITH_WEAK_PULLUP ;        ;              ;         ; Column I/O ;                 ; no       ; On           ;
; R5       ; 121        ; 3        ; RESERVED_INPUT_WITH_WEAK_PULLUP ;        ;              ;         ; Column I/O ;                 ; no       ; On           ;
; R6       ; 123        ; 3        ; RESERVED_INPUT_WITH_WEAK_PULLUP ;        ;              ;         ; Column I/O ;                 ; no       ; On           ;
; R7       ; 126        ; 3        ; RESERVED_INPUT_WITH_WEAK_PULLUP ;        ;              ;         ; Column I/O ;                 ; no       ; On           ;
; R8       ; 134        ; 3        ; GND+                            ;        ;              ;         ; Column I/O ;                 ; --       ; --           ;
; R9       ; 136        ; 4        ; GND+                            ;        ;              ;         ; Column I/O ;                 ; --       ; --           ;
; R10      ; 143        ; 4        ; RESERVED_INPUT_WITH_WEAK_PULLUP ;        ;              ;         ; Column I/O ;                 ; no       ; On           ;
; R11      ; 145        ; 4        ; RESERVED_INPUT_WITH_WEAK_PULLUP ;        ;              ;         ; Column I/O ;                 ; no       ; On           ;
; R12      ; 147        ; 4        ; RESERVED_INPUT_WITH_WEAK_PULLUP ;        ;              ;         ; Column I/O ;                 ; no       ; On           ;
; R13      ; 156        ; 4        ; RESERVED_INPUT_WITH_WEAK_PULLUP ;        ;              ;         ; Column I/O ;                 ; no       ; On           ;
; R14      ; 172        ; 4        ; RESERVED_INPUT_WITH_WEAK_PULLUP ;        ;              ;         ; Column I/O ;                 ; no       ; On           ;
; R15      ;            ;          ; GND                             ; gnd    ;              ;         ; --         ;                 ; --       ; --           ;
; R16      ; 184        ; 5        ; RESERVED_INPUT_WITH_WEAK_PULLUP ;        ;              ;         ; Row I/O    ;                 ; no       ; On           ;
; T1       ;            ; 3        ; VCCIO3                          ; power  ;              ; 2.5V    ; --         ;                 ; --       ; --           ;
; T2       ; 101        ; 3        ; RESERVED_INPUT_WITH_WEAK_PULLUP ;        ;              ;         ; Column I/O ;                 ; no       ; On           ;
; T3       ; 96         ; 3        ; RESERVED_INPUT_WITH_WEAK_PULLUP ;        ;              ;         ; Column I/O ;                 ; --       ; --           ;
; T4       ; 103        ; 3        ; RESERVED_INPUT_WITH_WEAK_PULLUP ;        ;              ;         ; Column I/O ;                 ; no       ; On           ;
; T5       ; 122        ; 3        ; RESERVED_INPUT_WITH_WEAK_PULLUP ;        ;              ;         ; Column I/O ;                 ; no       ; On           ;
; T6       ; 124        ; 3        ; RESERVED_INPUT_WITH_WEAK_PULLUP ;        ;              ;         ; Column I/O ;                 ; no       ; On           ;
; T7       ; 127        ; 3        ; RESERVED_INPUT_WITH_WEAK_PULLUP ;        ;              ;         ; Column I/O ;                 ; no       ; On           ;
; T8       ; 135        ; 3        ; GND+                            ;        ;              ;         ; Column I/O ;                 ; --       ; --           ;
; T9       ; 137        ; 4        ; GND+                            ;        ;              ;         ; Column I/O ;                 ; --       ; --           ;
; T10      ; 144        ; 4        ; RESERVED_INPUT_WITH_WEAK_PULLUP ;        ;              ;         ; Column I/O ;                 ; no       ; On           ;
; T11      ; 146        ; 4        ; RESERVED_INPUT_WITH_WEAK_PULLUP ;        ;              ;         ; Column I/O ;                 ; no       ; On           ;
; T12      ; 149        ; 4        ; RESERVED_INPUT_WITH_WEAK_PULLUP ;        ;              ;         ; Column I/O ;                 ; no       ; On           ;
; T13      ; 157        ; 4        ; RESERVED_INPUT_WITH_WEAK_PULLUP ;        ;              ;         ; Column I/O ;                 ; no       ; On           ;
; T14      ; 166        ; 4        ; RESERVED_INPUT_WITH_WEAK_PULLUP ;        ;              ;         ; Column I/O ;                 ; no       ; On           ;
; T15      ; 167        ; 4        ; RESERVED_INPUT_WITH_WEAK_PULLUP ;        ;              ;         ; Column I/O ;                 ; no       ; On           ;
; T16      ;            ; 4        ; VCCIO4                          ; power  ;              ; 2.5V    ; --         ;                 ; --       ; --           ;
+----------+------------+----------+---------------------------------+--------+--------------+---------+------------+-----------------+----------+--------------+
Note: Pin directions (input, output or bidir) are based on device operating in user mode.


+----------------------------------------------+
; I/O Assignment Warnings                      ;
+--------------+-------------------------------+
; Pin Name     ; Reason                        ;
+--------------+-------------------------------+
; A_out[0]     ; Incomplete set of assignments ;
; A_out[1]     ; Incomplete set of assignments ;
; A_out[2]     ; Incomplete set of assignments ;
; A_out[3]     ; Incomplete set of assignments ;
; A_out[4]     ; Incomplete set of assignments ;
; A_out[5]     ; Incomplete set of assignments ;
; A_out[6]     ; Incomplete set of assignments ;
; A_out[7]     ; Incomplete set of assignments ;
; A_out[8]     ; Incomplete set of assignments ;
; A_out[9]     ; Incomplete set of assignments ;
; A_out[10]    ; Incomplete set of assignments ;
; A_out[11]    ; Incomplete set of assignments ;
; A_out[12]    ; Incomplete set of assignments ;
; A_out[13]    ; Incomplete set of assignments ;
; A_out[14]    ; Incomplete set of assignments ;
; A_out[15]    ; Incomplete set of assignments ;
; A_out[16]    ; Incomplete set of assignments ;
; A_out[17]    ; Incomplete set of assignments ;
; A_out[18]    ; Incomplete set of assignments ;
; A_out[19]    ; Incomplete set of assignments ;
; A_out[20]    ; Incomplete set of assignments ;
; A_out[21]    ; Incomplete set of assignments ;
; A_out[22]    ; Incomplete set of assignments ;
; A_out[23]    ; Incomplete set of assignments ;
; A_out[24]    ; Incomplete set of assignments ;
; A_out[25]    ; Incomplete set of assignments ;
; A_out[26]    ; Incomplete set of assignments ;
; A_out[27]    ; Incomplete set of assignments ;
; A_out[28]    ; Incomplete set of assignments ;
; A_out[29]    ; Incomplete set of assignments ;
; A_out[30]    ; Incomplete set of assignments ;
; A_out[31]    ; Incomplete set of assignments ;
; B_out[0]     ; Incomplete set of assignments ;
; B_out[1]     ; Incomplete set of assignments ;
; B_out[2]     ; Incomplete set of assignments ;
; B_out[3]     ; Incomplete set of assignments ;
; B_out[4]     ; Incomplete set of assignments ;
; B_out[5]     ; Incomplete set of assignments ;
; B_out[6]     ; Incomplete set of assignments ;
; B_out[7]     ; Incomplete set of assignments ;
; B_out[8]     ; Incomplete set of assignments ;
; B_out[9]     ; Incomplete set of assignments ;
; B_out[10]    ; Incomplete set of assignments ;
; B_out[11]    ; Incomplete set of assignments ;
; B_out[12]    ; Incomplete set of assignments ;
; B_out[13]    ; Incomplete set of assignments ;
; B_out[14]    ; Incomplete set of assignments ;
; B_out[15]    ; Incomplete set of assignments ;
; B_out[16]    ; Incomplete set of assignments ;
; B_out[17]    ; Incomplete set of assignments ;
; B_out[18]    ; Incomplete set of assignments ;
; B_out[19]    ; Incomplete set of assignments ;
; B_out[20]    ; Incomplete set of assignments ;
; B_out[21]    ; Incomplete set of assignments ;
; B_out[22]    ; Incomplete set of assignments ;
; B_out[23]    ; Incomplete set of assignments ;
; B_out[24]    ; Incomplete set of assignments ;
; B_out[25]    ; Incomplete set of assignments ;
; B_out[26]    ; Incomplete set of assignments ;
; B_out[27]    ; Incomplete set of assignments ;
; B_out[28]    ; Incomplete set of assignments ;
; B_out[29]    ; Incomplete set of assignments ;
; B_out[30]    ; Incomplete set of assignments ;
; B_out[31]    ; Incomplete set of assignments ;
; C_out[0]     ; Incomplete set of assignments ;
; C_out[1]     ; Incomplete set of assignments ;
; C_out[2]     ; Incomplete set of assignments ;
; C_out[3]     ; Incomplete set of assignments ;
; C_out[4]     ; Incomplete set of assignments ;
; C_out[5]     ; Incomplete set of assignments ;
; C_out[6]     ; Incomplete set of assignments ;
; C_out[7]     ; Incomplete set of assignments ;
; C_out[8]     ; Incomplete set of assignments ;
; C_out[9]     ; Incomplete set of assignments ;
; C_out[10]    ; Incomplete set of assignments ;
; C_out[11]    ; Incomplete set of assignments ;
; C_out[12]    ; Incomplete set of assignments ;
; C_out[13]    ; Incomplete set of assignments ;
; C_out[14]    ; Incomplete set of assignments ;
; C_out[15]    ; Incomplete set of assignments ;
; C_out[16]    ; Incomplete set of assignments ;
; C_out[17]    ; Incomplete set of assignments ;
; C_out[18]    ; Incomplete set of assignments ;
; C_out[19]    ; Incomplete set of assignments ;
; C_out[20]    ; Incomplete set of assignments ;
; C_out[21]    ; Incomplete set of assignments ;
; C_out[22]    ; Incomplete set of assignments ;
; C_out[23]    ; Incomplete set of assignments ;
; C_out[24]    ; Incomplete set of assignments ;
; C_out[25]    ; Incomplete set of assignments ;
; C_out[26]    ; Incomplete set of assignments ;
; C_out[27]    ; Incomplete set of assignments ;
; C_out[28]    ; Incomplete set of assignments ;
; C_out[29]    ; Incomplete set of assignments ;
; C_out[30]    ; Incomplete set of assignments ;
; C_out[31]    ; Incomplete set of assignments ;
; D_out[0]     ; Incomplete set of assignments ;
; D_out[1]     ; Incomplete set of assignments ;
; D_out[2]     ; Incomplete set of assignments ;
; D_out[3]     ; Incomplete set of assignments ;
; D_out[4]     ; Incomplete set of assignments ;
; D_out[5]     ; Incomplete set of assignments ;
; D_out[6]     ; Incomplete set of assignments ;
; D_out[7]     ; Incomplete set of assignments ;
; D_out[8]     ; Incomplete set of assignments ;
; D_out[9]     ; Incomplete set of assignments ;
; D_out[10]    ; Incomplete set of assignments ;
; D_out[11]    ; Incomplete set of assignments ;
; D_out[12]    ; Incomplete set of assignments ;
; D_out[13]    ; Incomplete set of assignments ;
; D_out[14]    ; Incomplete set of assignments ;
; D_out[15]    ; Incomplete set of assignments ;
; D_out[16]    ; Incomplete set of assignments ;
; D_out[17]    ; Incomplete set of assignments ;
; D_out[18]    ; Incomplete set of assignments ;
; D_out[19]    ; Incomplete set of assignments ;
; D_out[20]    ; Incomplete set of assignments ;
; D_out[21]    ; Incomplete set of assignments ;
; D_out[22]    ; Incomplete set of assignments ;
; D_out[23]    ; Incomplete set of assignments ;
; D_out[24]    ; Incomplete set of assignments ;
; D_out[25]    ; Incomplete set of assignments ;
; D_out[26]    ; Incomplete set of assignments ;
; D_out[27]    ; Incomplete set of assignments ;
; D_out[28]    ; Incomplete set of assignments ;
; D_out[29]    ; Incomplete set of assignments ;
; D_out[30]    ; Incomplete set of assignments ;
; D_out[31]    ; Incomplete set of assignments ;
; clock        ; Incomplete set of assignments ;
; A[0]         ; Incomplete set of assignments ;
; stop_button  ; Incomplete set of assignments ;
; A[1]         ; Incomplete set of assignments ;
; A[2]         ; Incomplete set of assignments ;
; A[3]         ; Incomplete set of assignments ;
; A[4]         ; Incomplete set of assignments ;
; A[5]         ; Incomplete set of assignments ;
; A[6]         ; Incomplete set of assignments ;
; A[7]         ; Incomplete set of assignments ;
; A[8]         ; Incomplete set of assignments ;
; A[9]         ; Incomplete set of assignments ;
; A[10]        ; Incomplete set of assignments ;
; A[11]        ; Incomplete set of assignments ;
; A[12]        ; Incomplete set of assignments ;
; A[13]        ; Incomplete set of assignments ;
; A[14]        ; Incomplete set of assignments ;
; A[15]        ; Incomplete set of assignments ;
; A[16]        ; Incomplete set of assignments ;
; A[17]        ; Incomplete set of assignments ;
; A[18]        ; Incomplete set of assignments ;
; A[19]        ; Incomplete set of assignments ;
; A[20]        ; Incomplete set of assignments ;
; A[21]        ; Incomplete set of assignments ;
; A[22]        ; Incomplete set of assignments ;
; A[23]        ; Incomplete set of assignments ;
; A[24]        ; Incomplete set of assignments ;
; A[25]        ; Incomplete set of assignments ;
; A[26]        ; Incomplete set of assignments ;
; A[27]        ; Incomplete set of assignments ;
; A[28]        ; Incomplete set of assignments ;
; A[29]        ; Incomplete set of assignments ;
; A[30]        ; Incomplete set of assignments ;
; A[31]        ; Incomplete set of assignments ;
; B[0]         ; Incomplete set of assignments ;
; B[1]         ; Incomplete set of assignments ;
; B[2]         ; Incomplete set of assignments ;
; B[3]         ; Incomplete set of assignments ;
; B[4]         ; Incomplete set of assignments ;
; B[5]         ; Incomplete set of assignments ;
; B[6]         ; Incomplete set of assignments ;
; B[7]         ; Incomplete set of assignments ;
; B[8]         ; Incomplete set of assignments ;
; B[9]         ; Incomplete set of assignments ;
; B[10]        ; Incomplete set of assignments ;
; B[11]        ; Incomplete set of assignments ;
; B[12]        ; Incomplete set of assignments ;
; B[13]        ; Incomplete set of assignments ;
; B[14]        ; Incomplete set of assignments ;
; B[15]        ; Incomplete set of assignments ;
; B[16]        ; Incomplete set of assignments ;
; B[17]        ; Incomplete set of assignments ;
; B[18]        ; Incomplete set of assignments ;
; B[19]        ; Incomplete set of assignments ;
; B[20]        ; Incomplete set of assignments ;
; B[21]        ; Incomplete set of assignments ;
; B[22]        ; Incomplete set of assignments ;
; B[23]        ; Incomplete set of assignments ;
; B[24]        ; Incomplete set of assignments ;
; B[25]        ; Incomplete set of assignments ;
; B[26]        ; Incomplete set of assignments ;
; B[27]        ; Incomplete set of assignments ;
; B[28]        ; Incomplete set of assignments ;
; B[29]        ; Incomplete set of assignments ;
; B[30]        ; Incomplete set of assignments ;
; B[31]        ; Incomplete set of assignments ;
; C[0]         ; Incomplete set of assignments ;
; C[1]         ; Incomplete set of assignments ;
; C[2]         ; Incomplete set of assignments ;
; C[3]         ; Incomplete set of assignments ;
; C[4]         ; Incomplete set of assignments ;
; C[5]         ; Incomplete set of assignments ;
; C[6]         ; Incomplete set of assignments ;
; C[7]         ; Incomplete set of assignments ;
; C[8]         ; Incomplete set of assignments ;
; C[9]         ; Incomplete set of assignments ;
; C[10]        ; Incomplete set of assignments ;
; C[11]        ; Incomplete set of assignments ;
; C[12]        ; Incomplete set of assignments ;
; C[13]        ; Incomplete set of assignments ;
; C[14]        ; Incomplete set of assignments ;
; C[15]        ; Incomplete set of assignments ;
; C[16]        ; Incomplete set of assignments ;
; C[17]        ; Incomplete set of assignments ;
; C[18]        ; Incomplete set of assignments ;
; C[19]        ; Incomplete set of assignments ;
; C[20]        ; Incomplete set of assignments ;
; C[21]        ; Incomplete set of assignments ;
; C[22]        ; Incomplete set of assignments ;
; C[23]        ; Incomplete set of assignments ;
; C[24]        ; Incomplete set of assignments ;
; C[25]        ; Incomplete set of assignments ;
; C[26]        ; Incomplete set of assignments ;
; C[27]        ; Incomplete set of assignments ;
; C[28]        ; Incomplete set of assignments ;
; C[29]        ; Incomplete set of assignments ;
; C[30]        ; Incomplete set of assignments ;
; C[31]        ; Incomplete set of assignments ;
; D[0]         ; Incomplete set of assignments ;
; D[1]         ; Incomplete set of assignments ;
; D[2]         ; Incomplete set of assignments ;
; D[3]         ; Incomplete set of assignments ;
; D[4]         ; Incomplete set of assignments ;
; D[5]         ; Incomplete set of assignments ;
; D[6]         ; Incomplete set of assignments ;
; D[7]         ; Incomplete set of assignments ;
; D[8]         ; Incomplete set of assignments ;
; D[9]         ; Incomplete set of assignments ;
; D[10]        ; Incomplete set of assignments ;
; D[11]        ; Incomplete set of assignments ;
; D[12]        ; Incomplete set of assignments ;
; D[13]        ; Incomplete set of assignments ;
; D[14]        ; Incomplete set of assignments ;
; D[15]        ; Incomplete set of assignments ;
; D[16]        ; Incomplete set of assignments ;
; D[17]        ; Incomplete set of assignments ;
; D[18]        ; Incomplete set of assignments ;
; D[19]        ; Incomplete set of assignments ;
; D[20]        ; Incomplete set of assignments ;
; D[21]        ; Incomplete set of assignments ;
; D[22]        ; Incomplete set of assignments ;
; D[23]        ; Incomplete set of assignments ;
; D[24]        ; Incomplete set of assignments ;
; D[25]        ; Incomplete set of assignments ;
; D[26]        ; Incomplete set of assignments ;
; D[27]        ; Incomplete set of assignments ;
; D[28]        ; Incomplete set of assignments ;
; D[29]        ; Incomplete set of assignments ;
; D[30]        ; Incomplete set of assignments ;
; D[31]        ; Incomplete set of assignments ;
; start_button ; Incomplete set of assignments ;
; A_out[0]     ; Missing location assignment   ;
; A_out[1]     ; Missing location assignment   ;
; A_out[2]     ; Missing location assignment   ;
; A_out[3]     ; Missing location assignment   ;
; A_out[4]     ; Missing location assignment   ;
; A_out[5]     ; Missing location assignment   ;
; A_out[6]     ; Missing location assignment   ;
; A_out[7]     ; Missing location assignment   ;
; A_out[8]     ; Missing location assignment   ;
; A_out[9]     ; Missing location assignment   ;
; A_out[10]    ; Missing location assignment   ;
; A_out[11]    ; Missing location assignment   ;
; A_out[12]    ; Missing location assignment   ;
; A_out[13]    ; Missing location assignment   ;
; A_out[14]    ; Missing location assignment   ;
; A_out[15]    ; Missing location assignment   ;
; A_out[16]    ; Missing location assignment   ;
; A_out[17]    ; Missing location assignment   ;
; A_out[18]    ; Missing location assignment   ;
; A_out[19]    ; Missing location assignment   ;
; A_out[20]    ; Missing location assignment   ;
; A_out[21]    ; Missing location assignment   ;
; A_out[22]    ; Missing location assignment   ;
; A_out[23]    ; Missing location assignment   ;
; A_out[24]    ; Missing location assignment   ;
; A_out[25]    ; Missing location assignment   ;
; A_out[26]    ; Missing location assignment   ;
; A_out[27]    ; Missing location assignment   ;
; A_out[28]    ; Missing location assignment   ;
; A_out[29]    ; Missing location assignment   ;
; A_out[30]    ; Missing location assignment   ;
; A_out[31]    ; Missing location assignment   ;
; B_out[0]     ; Missing location assignment   ;
; B_out[1]     ; Missing location assignment   ;
; B_out[2]     ; Missing location assignment   ;
; B_out[3]     ; Missing location assignment   ;
; B_out[4]     ; Missing location assignment   ;
; B_out[5]     ; Missing location assignment   ;
; B_out[6]     ; Missing location assignment   ;
; B_out[7]     ; Missing location assignment   ;
; B_out[8]     ; Missing location assignment   ;
; B_out[9]     ; Missing location assignment   ;
; B_out[10]    ; Missing location assignment   ;
; B_out[11]    ; Missing location assignment   ;
; B_out[12]    ; Missing location assignment   ;
; B_out[13]    ; Missing location assignment   ;
; B_out[14]    ; Missing location assignment   ;
; B_out[15]    ; Missing location assignment   ;
; B_out[16]    ; Missing location assignment   ;
; B_out[17]    ; Missing location assignment   ;
; B_out[18]    ; Missing location assignment   ;
; B_out[19]    ; Missing location assignment   ;
; B_out[20]    ; Missing location assignment   ;
; B_out[21]    ; Missing location assignment   ;
; B_out[22]    ; Missing location assignment   ;
; B_out[23]    ; Missing location assignment   ;
; B_out[24]    ; Missing location assignment   ;
; B_out[25]    ; Missing location assignment   ;
; B_out[26]    ; Missing location assignment   ;
; B_out[27]    ; Missing location assignment   ;
; B_out[28]    ; Missing location assignment   ;
; B_out[29]    ; Missing location assignment   ;
; B_out[30]    ; Missing location assignment   ;
; B_out[31]    ; Missing location assignment   ;
; C_out[0]     ; Missing location assignment   ;
; C_out[1]     ; Missing location assignment   ;
; C_out[2]     ; Missing location assignment   ;
; C_out[3]     ; Missing location assignment   ;
; C_out[4]     ; Missing location assignment   ;
; C_out[5]     ; Missing location assignment   ;
; C_out[6]     ; Missing location assignment   ;
; C_out[7]     ; Missing location assignment   ;
; C_out[8]     ; Missing location assignment   ;
; C_out[9]     ; Missing location assignment   ;
; C_out[10]    ; Missing location assignment   ;
; C_out[11]    ; Missing location assignment   ;
; C_out[12]    ; Missing location assignment   ;
; C_out[13]    ; Missing location assignment   ;
; C_out[14]    ; Missing location assignment   ;
; C_out[15]    ; Missing location assignment   ;
; C_out[16]    ; Missing location assignment   ;
; C_out[17]    ; Missing location assignment   ;
; C_out[18]    ; Missing location assignment   ;
; C_out[19]    ; Missing location assignment   ;
; C_out[20]    ; Missing location assignment   ;
; C_out[21]    ; Missing location assignment   ;
; C_out[22]    ; Missing location assignment   ;
; C_out[23]    ; Missing location assignment   ;
; C_out[24]    ; Missing location assignment   ;
; C_out[25]    ; Missing location assignment   ;
; C_out[26]    ; Missing location assignment   ;
; C_out[27]    ; Missing location assignment   ;
; C_out[28]    ; Missing location assignment   ;
; C_out[29]    ; Missing location assignment   ;
; C_out[30]    ; Missing location assignment   ;
; C_out[31]    ; Missing location assignment   ;
; D_out[0]     ; Missing location assignment   ;
; D_out[1]     ; Missing location assignment   ;
; D_out[2]     ; Missing location assignment   ;
; D_out[3]     ; Missing location assignment   ;
; D_out[4]     ; Missing location assignment   ;
; D_out[5]     ; Missing location assignment   ;
; D_out[6]     ; Missing location assignment   ;
; D_out[7]     ; Missing location assignment   ;
; D_out[8]     ; Missing location assignment   ;
; D_out[9]     ; Missing location assignment   ;
; D_out[10]    ; Missing location assignment   ;
; D_out[11]    ; Missing location assignment   ;
; D_out[12]    ; Missing location assignment   ;
; D_out[13]    ; Missing location assignment   ;
; D_out[14]    ; Missing location assignment   ;
; D_out[15]    ; Missing location assignment   ;
; D_out[16]    ; Missing location assignment   ;
; D_out[17]    ; Missing location assignment   ;
; D_out[18]    ; Missing location assignment   ;
; D_out[19]    ; Missing location assignment   ;
; D_out[20]    ; Missing location assignment   ;
; D_out[21]    ; Missing location assignment   ;
; D_out[22]    ; Missing location assignment   ;
; D_out[23]    ; Missing location assignment   ;
; D_out[24]    ; Missing location assignment   ;
; D_out[25]    ; Missing location assignment   ;
; D_out[26]    ; Missing location assignment   ;
; D_out[27]    ; Missing location assignment   ;
; D_out[28]    ; Missing location assignment   ;
; D_out[29]    ; Missing location assignment   ;
; D_out[30]    ; Missing location assignment   ;
; D_out[31]    ; Missing location assignment   ;
; clock        ; Missing location assignment   ;
; A[0]         ; Missing location assignment   ;
; stop_button  ; Missing location assignment   ;
; A[1]         ; Missing location assignment   ;
; A[2]         ; Missing location assignment   ;
; A[3]         ; Missing location assignment   ;
; A[4]         ; Missing location assignment   ;
; A[5]         ; Missing location assignment   ;
; A[6]         ; Missing location assignment   ;
; A[7]         ; Missing location assignment   ;
; A[8]         ; Missing location assignment   ;
; A[9]         ; Missing location assignment   ;
; A[10]        ; Missing location assignment   ;
; A[11]        ; Missing location assignment   ;
; A[12]        ; Missing location assignment   ;
; A[13]        ; Missing location assignment   ;
; A[14]        ; Missing location assignment   ;
; A[15]        ; Missing location assignment   ;
; A[16]        ; Missing location assignment   ;
; A[17]        ; Missing location assignment   ;
; A[18]        ; Missing location assignment   ;
; A[19]        ; Missing location assignment   ;
; A[20]        ; Missing location assignment   ;
; A[21]        ; Missing location assignment   ;
; A[22]        ; Missing location assignment   ;
; A[23]        ; Missing location assignment   ;
; A[24]        ; Missing location assignment   ;
; A[25]        ; Missing location assignment   ;
; A[26]        ; Missing location assignment   ;
; A[27]        ; Missing location assignment   ;
; A[28]        ; Missing location assignment   ;
; A[29]        ; Missing location assignment   ;
; A[30]        ; Missing location assignment   ;
; A[31]        ; Missing location assignment   ;
; B[0]         ; Missing location assignment   ;
; B[1]         ; Missing location assignment   ;
; B[2]         ; Missing location assignment   ;
; B[3]         ; Missing location assignment   ;
; B[4]         ; Missing location assignment   ;
; B[5]         ; Missing location assignment   ;
; B[6]         ; Missing location assignment   ;
; B[7]         ; Missing location assignment   ;
; B[8]         ; Missing location assignment   ;
; B[9]         ; Missing location assignment   ;
; B[10]        ; Missing location assignment   ;
; B[11]        ; Missing location assignment   ;
; B[12]        ; Missing location assignment   ;
; B[13]        ; Missing location assignment   ;
; B[14]        ; Missing location assignment   ;
; B[15]        ; Missing location assignment   ;
; B[16]        ; Missing location assignment   ;
; B[17]        ; Missing location assignment   ;
; B[18]        ; Missing location assignment   ;
; B[19]        ; Missing location assignment   ;
; B[20]        ; Missing location assignment   ;
; B[21]        ; Missing location assignment   ;
; B[22]        ; Missing location assignment   ;
; B[23]        ; Missing location assignment   ;
; B[24]        ; Missing location assignment   ;
; B[25]        ; Missing location assignment   ;
; B[26]        ; Missing location assignment   ;
; B[27]        ; Missing location assignment   ;
; B[28]        ; Missing location assignment   ;
; B[29]        ; Missing location assignment   ;
; B[30]        ; Missing location assignment   ;
; B[31]        ; Missing location assignment   ;
; C[0]         ; Missing location assignment   ;
; C[1]         ; Missing location assignment   ;
; C[2]         ; Missing location assignment   ;
; C[3]         ; Missing location assignment   ;
; C[4]         ; Missing location assignment   ;
; C[5]         ; Missing location assignment   ;
; C[6]         ; Missing location assignment   ;
; C[7]         ; Missing location assignment   ;
; C[8]         ; Missing location assignment   ;
; C[9]         ; Missing location assignment   ;
; C[10]        ; Missing location assignment   ;
; C[11]        ; Missing location assignment   ;
; C[12]        ; Missing location assignment   ;
; C[13]        ; Missing location assignment   ;
; C[14]        ; Missing location assignment   ;
; C[15]        ; Missing location assignment   ;
; C[16]        ; Missing location assignment   ;
; C[17]        ; Missing location assignment   ;
; C[18]        ; Missing location assignment   ;
; C[19]        ; Missing location assignment   ;
; C[20]        ; Missing location assignment   ;
; C[21]        ; Missing location assignment   ;
; C[22]        ; Missing location assignment   ;
; C[23]        ; Missing location assignment   ;
; C[24]        ; Missing location assignment   ;
; C[25]        ; Missing location assignment   ;
; C[26]        ; Missing location assignment   ;
; C[27]        ; Missing location assignment   ;
; C[28]        ; Missing location assignment   ;
; C[29]        ; Missing location assignment   ;
; C[30]        ; Missing location assignment   ;
; C[31]        ; Missing location assignment   ;
; D[0]         ; Missing location assignment   ;
; D[1]         ; Missing location assignment   ;
; D[2]         ; Missing location assignment   ;
; D[3]         ; Missing location assignment   ;
; D[4]         ; Missing location assignment   ;
; D[5]         ; Missing location assignment   ;
; D[6]         ; Missing location assignment   ;
; D[7]         ; Missing location assignment   ;
; D[8]         ; Missing location assignment   ;
; D[9]         ; Missing location assignment   ;
; D[10]        ; Missing location assignment   ;
; D[11]        ; Missing location assignment   ;
; D[12]        ; Missing location assignment   ;
; D[13]        ; Missing location assignment   ;
; D[14]        ; Missing location assignment   ;
; D[15]        ; Missing location assignment   ;
; D[16]        ; Missing location assignment   ;
; D[17]        ; Missing location assignment   ;
; D[18]        ; Missing location assignment   ;
; D[19]        ; Missing location assignment   ;
; D[20]        ; Missing location assignment   ;
; D[21]        ; Missing location assignment   ;
; D[22]        ; Missing location assignment   ;
; D[23]        ; Missing location assignment   ;
; D[24]        ; Missing location assignment   ;
; D[25]        ; Missing location assignment   ;
; D[26]        ; Missing location assignment   ;
; D[27]        ; Missing location assignment   ;
; D[28]        ; Missing location assignment   ;
; D[29]        ; Missing location assignment   ;
; D[30]        ; Missing location assignment   ;
; D[31]        ; Missing location assignment   ;
; start_button ; Missing location assignment   ;
+--------------+-------------------------------+


+------------------------------------------------------------------------------------------------------------------------------------------------------------------------------------------------------------------------------------------------------------------------------------------------------------+
; Fitter Resource Utilization by Entity                                                                                                                                                                                                                                                                      ;
+--------------------------------+-------------+---------------------------+---------------+-------------+--------------+---------+-----------+------+--------------+--------------+-------------------+------------------+---------------------------------------------+---------------------+--------------+
; Compilation Hierarchy Node     ; Logic Cells ; Dedicated Logic Registers ; I/O Registers ; Memory Bits ; DSP Elements ; DSP 9x9 ; DSP 18x18 ; Pins ; Virtual Pins ; LUT-Only LCs ; Register-Only LCs ; LUT/Register LCs ; Full Hierarchy Name                         ; Entity Name         ; Library Name ;
+--------------------------------+-------------+---------------------------+---------------+-------------+--------------+---------+-----------+------+--------------+--------------+-------------------+------------------+---------------------------------------------+---------------------+--------------+
; |QuarterRound_ref              ; 0 (0)       ; 203 (0)                   ; 0 (0)         ; 0           ; 0            ; 0       ; 0         ; 259  ; 0            ; 0 (0)        ; 0 (0)             ; 0 (0)            ; |QuarterRound_ref                           ; QuarterRound_ref    ; work         ;
;    |BitwiseXOR:xor_with|       ; 0 (0)       ; 0 (0)                     ; 0 (0)         ; 0           ; 0            ; 0       ; 0         ; 0    ; 0            ; 0 (0)        ; 0 (0)             ; 0 (0)            ; |QuarterRound_ref|BitwiseXOR:xor_with       ; BitwiseXOR          ; work         ;
;    |QuarterRoundFSM_ref:FSM|   ; 0 (0)       ; 11 (11)                   ; 0 (0)         ; 0           ; 0            ; 0       ; 0         ; 0    ; 0            ; 0 (0)        ; 0 (0)             ; 0 (0)            ; |QuarterRound_ref|QuarterRoundFSM_ref:FSM   ; QuarterRoundFSM_ref ; work         ;
;    |Register32bit_A:reg_A|     ; 0 (0)       ; 32 (32)                   ; 0 (0)         ; 0           ; 0            ; 0       ; 0         ; 0    ; 0            ; 0 (0)        ; 0 (0)             ; 0 (0)            ; |QuarterRound_ref|Register32bit_A:reg_A     ; Register32bit_A     ; work         ;
;    |Register32bit_B:reg_B|     ; 0 (0)       ; 32 (32)                   ; 0 (0)         ; 0           ; 0            ; 0       ; 0         ; 0    ; 0            ; 0 (0)        ; 0 (0)             ; 0 (0)            ; |QuarterRound_ref|Register32bit_B:reg_B     ; Register32bit_B     ; work         ;
;    |Register32bit_C:reg_C|     ; 0 (0)       ; 32 (32)                   ; 0 (0)         ; 0           ; 0            ; 0       ; 0         ; 0    ; 0            ; 0 (0)        ; 0 (0)             ; 0 (0)            ; |QuarterRound_ref|Register32bit_C:reg_C     ; Register32bit_C     ; work         ;
;    |Register32bit_D:reg_D|     ; 0 (0)       ; 32 (32)                   ; 0 (0)         ; 0           ; 0            ; 0       ; 0         ; 0    ; 0            ; 0 (0)        ; 0 (0)             ; 0 (0)            ; |QuarterRound_ref|Register32bit_D:reg_D     ; Register32bit_D     ; work         ;
;    |Register32bit_add:reg_add| ; 0 (0)       ; 32 (32)                   ; 0 (0)         ; 0           ; 0            ; 0       ; 0         ; 0    ; 0            ; 0 (0)        ; 0 (0)             ; 0 (0)            ; |QuarterRound_ref|Register32bit_add:reg_add ; Register32bit_add   ; work         ;
;    |Register32bit_xor:reg_xor| ; 0 (0)       ; 32 (32)                   ; 0 (0)         ; 0           ; 0            ; 0       ; 0         ; 0    ; 0            ; 0 (0)        ; 0 (0)             ; 0 (0)            ; |QuarterRound_ref|Register32bit_xor:reg_xor ; Register32bit_xor   ; work         ;
;    |mux4to2_add:mux_add|       ; 0 (0)       ; 0 (0)                     ; 0 (0)         ; 0           ; 0            ; 0       ; 0         ; 0    ; 0            ; 0 (0)        ; 0 (0)             ; 0 (0)            ; |QuarterRound_ref|mux4to2_add:mux_add       ; mux4to2_add         ; work         ;
;    |mux4to2_xor:mux_xor|       ; 0 (0)       ; 0 (0)                     ; 0 (0)         ; 0           ; 0            ; 0       ; 0         ; 0    ; 0            ; 0 (0)        ; 0 (0)             ; 0 (0)            ; |QuarterRound_ref|mux4to2_xor:mux_xor       ; mux4to2_xor         ; work         ;
+--------------------------------+-------------+---------------------------+---------------+-------------+--------------+---------+-----------+------+--------------+--------------+-------------------+------------------+---------------------------------------------+---------------------+--------------+
Note: For table entries with two numbers listed, the numbers in parentheses indicate the number of resources of the given type used by the specific entity alone. The numbers listed outside of parentheses indicate the total resources of the given type used by the specific entity and all of its sub-entities in the hierarchy.


+----------------------------------------------------------------------------------------------+
; Delay Chain Summary                                                                          ;
+--------------+----------+---------------+---------------+-----------------------+-----+------+
; Name         ; Pin Type ; Pad to Core 0 ; Pad to Core 1 ; Pad to Input Register ; TCO ; TCOE ;
+--------------+----------+---------------+---------------+-----------------------+-----+------+
; A_out[0]     ; Output   ; --            ; --            ; --                    ; --  ; --   ;
; A_out[1]     ; Output   ; --            ; --            ; --                    ; --  ; --   ;
; A_out[2]     ; Output   ; --            ; --            ; --                    ; --  ; --   ;
; A_out[3]     ; Output   ; --            ; --            ; --                    ; --  ; --   ;
; A_out[4]     ; Output   ; --            ; --            ; --                    ; --  ; --   ;
; A_out[5]     ; Output   ; --            ; --            ; --                    ; --  ; --   ;
; A_out[6]     ; Output   ; --            ; --            ; --                    ; --  ; --   ;
; A_out[7]     ; Output   ; --            ; --            ; --                    ; --  ; --   ;
; A_out[8]     ; Output   ; --            ; --            ; --                    ; --  ; --   ;
; A_out[9]     ; Output   ; --            ; --            ; --                    ; --  ; --   ;
; A_out[10]    ; Output   ; --            ; --            ; --                    ; --  ; --   ;
; A_out[11]    ; Output   ; --            ; --            ; --                    ; --  ; --   ;
; A_out[12]    ; Output   ; --            ; --            ; --                    ; --  ; --   ;
; A_out[13]    ; Output   ; --            ; --            ; --                    ; --  ; --   ;
; A_out[14]    ; Output   ; --            ; --            ; --                    ; --  ; --   ;
; A_out[15]    ; Output   ; --            ; --            ; --                    ; --  ; --   ;
; A_out[16]    ; Output   ; --            ; --            ; --                    ; --  ; --   ;
; A_out[17]    ; Output   ; --            ; --            ; --                    ; --  ; --   ;
; A_out[18]    ; Output   ; --            ; --            ; --                    ; --  ; --   ;
; A_out[19]    ; Output   ; --            ; --            ; --                    ; --  ; --   ;
; A_out[20]    ; Output   ; --            ; --            ; --                    ; --  ; --   ;
; A_out[21]    ; Output   ; --            ; --            ; --                    ; --  ; --   ;
; A_out[22]    ; Output   ; --            ; --            ; --                    ; --  ; --   ;
; A_out[23]    ; Output   ; --            ; --            ; --                    ; --  ; --   ;
; A_out[24]    ; Output   ; --            ; --            ; --                    ; --  ; --   ;
; A_out[25]    ; Output   ; --            ; --            ; --                    ; --  ; --   ;
; A_out[26]    ; Output   ; --            ; --            ; --                    ; --  ; --   ;
; A_out[27]    ; Output   ; --            ; --            ; --                    ; --  ; --   ;
; A_out[28]    ; Output   ; --            ; --            ; --                    ; --  ; --   ;
; A_out[29]    ; Output   ; --            ; --            ; --                    ; --  ; --   ;
; A_out[30]    ; Output   ; --            ; --            ; --                    ; --  ; --   ;
; A_out[31]    ; Output   ; --            ; --            ; --                    ; --  ; --   ;
; B_out[0]     ; Output   ; --            ; --            ; --                    ; --  ; --   ;
; B_out[1]     ; Output   ; --            ; --            ; --                    ; --  ; --   ;
; B_out[2]     ; Output   ; --            ; --            ; --                    ; --  ; --   ;
; B_out[3]     ; Output   ; --            ; --            ; --                    ; --  ; --   ;
; B_out[4]     ; Output   ; --            ; --            ; --                    ; --  ; --   ;
; B_out[5]     ; Output   ; --            ; --            ; --                    ; --  ; --   ;
; B_out[6]     ; Output   ; --            ; --            ; --                    ; --  ; --   ;
; B_out[7]     ; Output   ; --            ; --            ; --                    ; --  ; --   ;
; B_out[8]     ; Output   ; --            ; --            ; --                    ; --  ; --   ;
; B_out[9]     ; Output   ; --            ; --            ; --                    ; --  ; --   ;
; B_out[10]    ; Output   ; --            ; --            ; --                    ; --  ; --   ;
; B_out[11]    ; Output   ; --            ; --            ; --                    ; --  ; --   ;
; B_out[12]    ; Output   ; --            ; --            ; --                    ; --  ; --   ;
; B_out[13]    ; Output   ; --            ; --            ; --                    ; --  ; --   ;
; B_out[14]    ; Output   ; --            ; --            ; --                    ; --  ; --   ;
; B_out[15]    ; Output   ; --            ; --            ; --                    ; --  ; --   ;
; B_out[16]    ; Output   ; --            ; --            ; --                    ; --  ; --   ;
; B_out[17]    ; Output   ; --            ; --            ; --                    ; --  ; --   ;
; B_out[18]    ; Output   ; --            ; --            ; --                    ; --  ; --   ;
; B_out[19]    ; Output   ; --            ; --            ; --                    ; --  ; --   ;
; B_out[20]    ; Output   ; --            ; --            ; --                    ; --  ; --   ;
; B_out[21]    ; Output   ; --            ; --            ; --                    ; --  ; --   ;
; B_out[22]    ; Output   ; --            ; --            ; --                    ; --  ; --   ;
; B_out[23]    ; Output   ; --            ; --            ; --                    ; --  ; --   ;
; B_out[24]    ; Output   ; --            ; --            ; --                    ; --  ; --   ;
; B_out[25]    ; Output   ; --            ; --            ; --                    ; --  ; --   ;
; B_out[26]    ; Output   ; --            ; --            ; --                    ; --  ; --   ;
; B_out[27]    ; Output   ; --            ; --            ; --                    ; --  ; --   ;
; B_out[28]    ; Output   ; --            ; --            ; --                    ; --  ; --   ;
; B_out[29]    ; Output   ; --            ; --            ; --                    ; --  ; --   ;
; B_out[30]    ; Output   ; --            ; --            ; --                    ; --  ; --   ;
; B_out[31]    ; Output   ; --            ; --            ; --                    ; --  ; --   ;
; C_out[0]     ; Output   ; --            ; --            ; --                    ; --  ; --   ;
; C_out[1]     ; Output   ; --            ; --            ; --                    ; --  ; --   ;
; C_out[2]     ; Output   ; --            ; --            ; --                    ; --  ; --   ;
; C_out[3]     ; Output   ; --            ; --            ; --                    ; --  ; --   ;
; C_out[4]     ; Output   ; --            ; --            ; --                    ; --  ; --   ;
; C_out[5]     ; Output   ; --            ; --            ; --                    ; --  ; --   ;
; C_out[6]     ; Output   ; --            ; --            ; --                    ; --  ; --   ;
; C_out[7]     ; Output   ; --            ; --            ; --                    ; --  ; --   ;
; C_out[8]     ; Output   ; --            ; --            ; --                    ; --  ; --   ;
; C_out[9]     ; Output   ; --            ; --            ; --                    ; --  ; --   ;
; C_out[10]    ; Output   ; --            ; --            ; --                    ; --  ; --   ;
; C_out[11]    ; Output   ; --            ; --            ; --                    ; --  ; --   ;
; C_out[12]    ; Output   ; --            ; --            ; --                    ; --  ; --   ;
; C_out[13]    ; Output   ; --            ; --            ; --                    ; --  ; --   ;
; C_out[14]    ; Output   ; --            ; --            ; --                    ; --  ; --   ;
; C_out[15]    ; Output   ; --            ; --            ; --                    ; --  ; --   ;
; C_out[16]    ; Output   ; --            ; --            ; --                    ; --  ; --   ;
; C_out[17]    ; Output   ; --            ; --            ; --                    ; --  ; --   ;
; C_out[18]    ; Output   ; --            ; --            ; --                    ; --  ; --   ;
; C_out[19]    ; Output   ; --            ; --            ; --                    ; --  ; --   ;
; C_out[20]    ; Output   ; --            ; --            ; --                    ; --  ; --   ;
; C_out[21]    ; Output   ; --            ; --            ; --                    ; --  ; --   ;
; C_out[22]    ; Output   ; --            ; --            ; --                    ; --  ; --   ;
; C_out[23]    ; Output   ; --            ; --            ; --                    ; --  ; --   ;
; C_out[24]    ; Output   ; --            ; --            ; --                    ; --  ; --   ;
; C_out[25]    ; Output   ; --            ; --            ; --                    ; --  ; --   ;
; C_out[26]    ; Output   ; --            ; --            ; --                    ; --  ; --   ;
; C_out[27]    ; Output   ; --            ; --            ; --                    ; --  ; --   ;
; C_out[28]    ; Output   ; --            ; --            ; --                    ; --  ; --   ;
; C_out[29]    ; Output   ; --            ; --            ; --                    ; --  ; --   ;
; C_out[30]    ; Output   ; --            ; --            ; --                    ; --  ; --   ;
; C_out[31]    ; Output   ; --            ; --            ; --                    ; --  ; --   ;
; D_out[0]     ; Output   ; --            ; --            ; --                    ; --  ; --   ;
; D_out[1]     ; Output   ; --            ; --            ; --                    ; --  ; --   ;
; D_out[2]     ; Output   ; --            ; --            ; --                    ; --  ; --   ;
; D_out[3]     ; Output   ; --            ; --            ; --                    ; --  ; --   ;
; D_out[4]     ; Output   ; --            ; --            ; --                    ; --  ; --   ;
; D_out[5]     ; Output   ; --            ; --            ; --                    ; --  ; --   ;
; D_out[6]     ; Output   ; --            ; --            ; --                    ; --  ; --   ;
; D_out[7]     ; Output   ; --            ; --            ; --                    ; --  ; --   ;
; D_out[8]     ; Output   ; --            ; --            ; --                    ; --  ; --   ;
; D_out[9]     ; Output   ; --            ; --            ; --                    ; --  ; --   ;
; D_out[10]    ; Output   ; --            ; --            ; --                    ; --  ; --   ;
; D_out[11]    ; Output   ; --            ; --            ; --                    ; --  ; --   ;
; D_out[12]    ; Output   ; --            ; --            ; --                    ; --  ; --   ;
; D_out[13]    ; Output   ; --            ; --            ; --                    ; --  ; --   ;
; D_out[14]    ; Output   ; --            ; --            ; --                    ; --  ; --   ;
; D_out[15]    ; Output   ; --            ; --            ; --                    ; --  ; --   ;
; D_out[16]    ; Output   ; --            ; --            ; --                    ; --  ; --   ;
; D_out[17]    ; Output   ; --            ; --            ; --                    ; --  ; --   ;
; D_out[18]    ; Output   ; --            ; --            ; --                    ; --  ; --   ;
; D_out[19]    ; Output   ; --            ; --            ; --                    ; --  ; --   ;
; D_out[20]    ; Output   ; --            ; --            ; --                    ; --  ; --   ;
; D_out[21]    ; Output   ; --            ; --            ; --                    ; --  ; --   ;
; D_out[22]    ; Output   ; --            ; --            ; --                    ; --  ; --   ;
; D_out[23]    ; Output   ; --            ; --            ; --                    ; --  ; --   ;
; D_out[24]    ; Output   ; --            ; --            ; --                    ; --  ; --   ;
; D_out[25]    ; Output   ; --            ; --            ; --                    ; --  ; --   ;
; D_out[26]    ; Output   ; --            ; --            ; --                    ; --  ; --   ;
; D_out[27]    ; Output   ; --            ; --            ; --                    ; --  ; --   ;
; D_out[28]    ; Output   ; --            ; --            ; --                    ; --  ; --   ;
; D_out[29]    ; Output   ; --            ; --            ; --                    ; --  ; --   ;
; D_out[30]    ; Output   ; --            ; --            ; --                    ; --  ; --   ;
; D_out[31]    ; Output   ; --            ; --            ; --                    ; --  ; --   ;
; clock        ; Input    ; 0             ; --            ; --                    ; --  ; --   ;
; A[0]         ; Input    ; 0             ; --            ; --                    ; --  ; --   ;
; stop_button  ; Input    ; 0             ; --            ; --                    ; --  ; --   ;
; A[1]         ; Input    ; 0             ; --            ; --                    ; --  ; --   ;
; A[2]         ; Input    ; 0             ; --            ; --                    ; --  ; --   ;
; A[3]         ; Input    ; 0             ; --            ; --                    ; --  ; --   ;
; A[4]         ; Input    ; 0             ; --            ; --                    ; --  ; --   ;
; A[5]         ; Input    ; 0             ; --            ; --                    ; --  ; --   ;
; A[6]         ; Input    ; 0             ; --            ; --                    ; --  ; --   ;
; A[7]         ; Input    ; 0             ; --            ; --                    ; --  ; --   ;
; A[8]         ; Input    ; 0             ; --            ; --                    ; --  ; --   ;
; A[9]         ; Input    ; 0             ; --            ; --                    ; --  ; --   ;
; A[10]        ; Input    ; 0             ; --            ; --                    ; --  ; --   ;
; A[11]        ; Input    ; 0             ; --            ; --                    ; --  ; --   ;
; A[12]        ; Input    ; 0             ; --            ; --                    ; --  ; --   ;
; A[13]        ; Input    ; 0             ; --            ; --                    ; --  ; --   ;
; A[14]        ; Input    ; 0             ; --            ; --                    ; --  ; --   ;
; A[15]        ; Input    ; 0             ; --            ; --                    ; --  ; --   ;
; A[16]        ; Input    ; 0             ; --            ; --                    ; --  ; --   ;
; A[17]        ; Input    ; 0             ; --            ; --                    ; --  ; --   ;
; A[18]        ; Input    ; 0             ; --            ; --                    ; --  ; --   ;
; A[19]        ; Input    ; 0             ; --            ; --                    ; --  ; --   ;
; A[20]        ; Input    ; 0             ; --            ; --                    ; --  ; --   ;
; A[21]        ; Input    ; 0             ; --            ; --                    ; --  ; --   ;
; A[22]        ; Input    ; 0             ; --            ; --                    ; --  ; --   ;
; A[23]        ; Input    ; 0             ; --            ; --                    ; --  ; --   ;
; A[24]        ; Input    ; 0             ; --            ; --                    ; --  ; --   ;
; A[25]        ; Input    ; 0             ; --            ; --                    ; --  ; --   ;
; A[26]        ; Input    ; 0             ; --            ; --                    ; --  ; --   ;
; A[27]        ; Input    ; 0             ; --            ; --                    ; --  ; --   ;
; A[28]        ; Input    ; 0             ; --            ; --                    ; --  ; --   ;
; A[29]        ; Input    ; 0             ; --            ; --                    ; --  ; --   ;
; A[30]        ; Input    ; 0             ; --            ; --                    ; --  ; --   ;
; A[31]        ; Input    ; 0             ; --            ; --                    ; --  ; --   ;
; B[0]         ; Input    ; 0             ; --            ; --                    ; --  ; --   ;
; B[1]         ; Input    ; 0             ; --            ; --                    ; --  ; --   ;
; B[2]         ; Input    ; 0             ; --            ; --                    ; --  ; --   ;
; B[3]         ; Input    ; 0             ; --            ; --                    ; --  ; --   ;
; B[4]         ; Input    ; 0             ; --            ; --                    ; --  ; --   ;
; B[5]         ; Input    ; 0             ; --            ; --                    ; --  ; --   ;
; B[6]         ; Input    ; 0             ; --            ; --                    ; --  ; --   ;
; B[7]         ; Input    ; 0             ; --            ; --                    ; --  ; --   ;
; B[8]         ; Input    ; 0             ; --            ; --                    ; --  ; --   ;
; B[9]         ; Input    ; 0             ; --            ; --                    ; --  ; --   ;
; B[10]        ; Input    ; 0             ; --            ; --                    ; --  ; --   ;
; B[11]        ; Input    ; 0             ; --            ; --                    ; --  ; --   ;
; B[12]        ; Input    ; 0             ; --            ; --                    ; --  ; --   ;
; B[13]        ; Input    ; 0             ; --            ; --                    ; --  ; --   ;
; B[14]        ; Input    ; 0             ; --            ; --                    ; --  ; --   ;
; B[15]        ; Input    ; 0             ; --            ; --                    ; --  ; --   ;
; B[16]        ; Input    ; 0             ; --            ; --                    ; --  ; --   ;
; B[17]        ; Input    ; 0             ; --            ; --                    ; --  ; --   ;
; B[18]        ; Input    ; 0             ; --            ; --                    ; --  ; --   ;
; B[19]        ; Input    ; 0             ; --            ; --                    ; --  ; --   ;
; B[20]        ; Input    ; 0             ; --            ; --                    ; --  ; --   ;
; B[21]        ; Input    ; 0             ; --            ; --                    ; --  ; --   ;
; B[22]        ; Input    ; 0             ; --            ; --                    ; --  ; --   ;
; B[23]        ; Input    ; 0             ; --            ; --                    ; --  ; --   ;
; B[24]        ; Input    ; 0             ; --            ; --                    ; --  ; --   ;
; B[25]        ; Input    ; 0             ; --            ; --                    ; --  ; --   ;
; B[26]        ; Input    ; 0             ; --            ; --                    ; --  ; --   ;
; B[27]        ; Input    ; 0             ; --            ; --                    ; --  ; --   ;
; B[28]        ; Input    ; 0             ; --            ; --                    ; --  ; --   ;
; B[29]        ; Input    ; 0             ; --            ; --                    ; --  ; --   ;
; B[30]        ; Input    ; 0             ; --            ; --                    ; --  ; --   ;
; B[31]        ; Input    ; 0             ; --            ; --                    ; --  ; --   ;
; C[0]         ; Input    ; 0             ; --            ; --                    ; --  ; --   ;
; C[1]         ; Input    ; 0             ; --            ; --                    ; --  ; --   ;
; C[2]         ; Input    ; 0             ; --            ; --                    ; --  ; --   ;
; C[3]         ; Input    ; 0             ; --            ; --                    ; --  ; --   ;
; C[4]         ; Input    ; 0             ; --            ; --                    ; --  ; --   ;
; C[5]         ; Input    ; 0             ; --            ; --                    ; --  ; --   ;
; C[6]         ; Input    ; 0             ; --            ; --                    ; --  ; --   ;
; C[7]         ; Input    ; 0             ; --            ; --                    ; --  ; --   ;
; C[8]         ; Input    ; 0             ; --            ; --                    ; --  ; --   ;
; C[9]         ; Input    ; 0             ; --            ; --                    ; --  ; --   ;
; C[10]        ; Input    ; 0             ; --            ; --                    ; --  ; --   ;
; C[11]        ; Input    ; 0             ; --            ; --                    ; --  ; --   ;
; C[12]        ; Input    ; 0             ; --            ; --                    ; --  ; --   ;
; C[13]        ; Input    ; 0             ; --            ; --                    ; --  ; --   ;
; C[14]        ; Input    ; 0             ; --            ; --                    ; --  ; --   ;
; C[15]        ; Input    ; 0             ; --            ; --                    ; --  ; --   ;
; C[16]        ; Input    ; 0             ; --            ; --                    ; --  ; --   ;
; C[17]        ; Input    ; 0             ; --            ; --                    ; --  ; --   ;
; C[18]        ; Input    ; 0             ; --            ; --                    ; --  ; --   ;
; C[19]        ; Input    ; 0             ; --            ; --                    ; --  ; --   ;
; C[20]        ; Input    ; 0             ; --            ; --                    ; --  ; --   ;
; C[21]        ; Input    ; 0             ; --            ; --                    ; --  ; --   ;
; C[22]        ; Input    ; 0             ; --            ; --                    ; --  ; --   ;
; C[23]        ; Input    ; 0             ; --            ; --                    ; --  ; --   ;
; C[24]        ; Input    ; 0             ; --            ; --                    ; --  ; --   ;
; C[25]        ; Input    ; 0             ; --            ; --                    ; --  ; --   ;
; C[26]        ; Input    ; 0             ; --            ; --                    ; --  ; --   ;
; C[27]        ; Input    ; 0             ; --            ; --                    ; --  ; --   ;
; C[28]        ; Input    ; 0             ; --            ; --                    ; --  ; --   ;
; C[29]        ; Input    ; 0             ; --            ; --                    ; --  ; --   ;
; C[30]        ; Input    ; 0             ; --            ; --                    ; --  ; --   ;
; C[31]        ; Input    ; 0             ; --            ; --                    ; --  ; --   ;
; D[0]         ; Input    ; 0             ; --            ; --                    ; --  ; --   ;
; D[1]         ; Input    ; 0             ; --            ; --                    ; --  ; --   ;
; D[2]         ; Input    ; 0             ; --            ; --                    ; --  ; --   ;
; D[3]         ; Input    ; 0             ; --            ; --                    ; --  ; --   ;
; D[4]         ; Input    ; 0             ; --            ; --                    ; --  ; --   ;
; D[5]         ; Input    ; 0             ; --            ; --                    ; --  ; --   ;
; D[6]         ; Input    ; 0             ; --            ; --                    ; --  ; --   ;
; D[7]         ; Input    ; 0             ; --            ; --                    ; --  ; --   ;
; D[8]         ; Input    ; 0             ; --            ; --                    ; --  ; --   ;
; D[9]         ; Input    ; 0             ; --            ; --                    ; --  ; --   ;
; D[10]        ; Input    ; 0             ; --            ; --                    ; --  ; --   ;
; D[11]        ; Input    ; 0             ; --            ; --                    ; --  ; --   ;
; D[12]        ; Input    ; 0             ; --            ; --                    ; --  ; --   ;
; D[13]        ; Input    ; 0             ; --            ; --                    ; --  ; --   ;
; D[14]        ; Input    ; 0             ; --            ; --                    ; --  ; --   ;
; D[15]        ; Input    ; 0             ; --            ; --                    ; --  ; --   ;
; D[16]        ; Input    ; 0             ; --            ; --                    ; --  ; --   ;
; D[17]        ; Input    ; 0             ; --            ; --                    ; --  ; --   ;
; D[18]        ; Input    ; 0             ; --            ; --                    ; --  ; --   ;
; D[19]        ; Input    ; 0             ; --            ; --                    ; --  ; --   ;
; D[20]        ; Input    ; 0             ; --            ; --                    ; --  ; --   ;
; D[21]        ; Input    ; 0             ; --            ; --                    ; --  ; --   ;
; D[22]        ; Input    ; 0             ; --            ; --                    ; --  ; --   ;
; D[23]        ; Input    ; 0             ; --            ; --                    ; --  ; --   ;
; D[24]        ; Input    ; 0             ; --            ; --                    ; --  ; --   ;
; D[25]        ; Input    ; 0             ; --            ; --                    ; --  ; --   ;
; D[26]        ; Input    ; 0             ; --            ; --                    ; --  ; --   ;
; D[27]        ; Input    ; 0             ; --            ; --                    ; --  ; --   ;
; D[28]        ; Input    ; 0             ; --            ; --                    ; --  ; --   ;
; D[29]        ; Input    ; 0             ; --            ; --                    ; --  ; --   ;
; D[30]        ; Input    ; 0             ; --            ; --                    ; --  ; --   ;
; D[31]        ; Input    ; 0             ; --            ; --                    ; --  ; --   ;
; start_button ; Input    ; 0             ; --            ; --                    ; --  ; --   ;
+--------------+----------+---------------+---------------+-----------------------+-----+------+


+---------------------------------------------------+
; Pad To Core Delay Chain Fanout                    ;
+---------------------+-------------------+---------+
; Source Pin / Fanout ; Pad To Core Index ; Setting ;
+---------------------+-------------------+---------+
; clock               ;                   ;         ;
; A[0]                ;                   ;         ;
; stop_button         ;                   ;         ;
; A[1]                ;                   ;         ;
; A[2]                ;                   ;         ;
; A[3]                ;                   ;         ;
; A[4]                ;                   ;         ;
; A[5]                ;                   ;         ;
; A[6]                ;                   ;         ;
; A[7]                ;                   ;         ;
; A[8]                ;                   ;         ;
; A[9]                ;                   ;         ;
; A[10]               ;                   ;         ;
; A[11]               ;                   ;         ;
; A[12]               ;                   ;         ;
; A[13]               ;                   ;         ;
; A[14]               ;                   ;         ;
; A[15]               ;                   ;         ;
; A[16]               ;                   ;         ;
; A[17]               ;                   ;         ;
; A[18]               ;                   ;         ;
; A[19]               ;                   ;         ;
; A[20]               ;                   ;         ;
; A[21]               ;                   ;         ;
; A[22]               ;                   ;         ;
; A[23]               ;                   ;         ;
; A[24]               ;                   ;         ;
; A[25]               ;                   ;         ;
; A[26]               ;                   ;         ;
; A[27]               ;                   ;         ;
; A[28]               ;                   ;         ;
; A[29]               ;                   ;         ;
; A[30]               ;                   ;         ;
; A[31]               ;                   ;         ;
; B[0]                ;                   ;         ;
; B[1]                ;                   ;         ;
; B[2]                ;                   ;         ;
; B[3]                ;                   ;         ;
; B[4]                ;                   ;         ;
; B[5]                ;                   ;         ;
; B[6]                ;                   ;         ;
; B[7]                ;                   ;         ;
; B[8]                ;                   ;         ;
; B[9]                ;                   ;         ;
; B[10]               ;                   ;         ;
; B[11]               ;                   ;         ;
; B[12]               ;                   ;         ;
; B[13]               ;                   ;         ;
; B[14]               ;                   ;         ;
; B[15]               ;                   ;         ;
; B[16]               ;                   ;         ;
; B[17]               ;                   ;         ;
; B[18]               ;                   ;         ;
; B[19]               ;                   ;         ;
; B[20]               ;                   ;         ;
; B[21]               ;                   ;         ;
; B[22]               ;                   ;         ;
; B[23]               ;                   ;         ;
; B[24]               ;                   ;         ;
; B[25]               ;                   ;         ;
; B[26]               ;                   ;         ;
; B[27]               ;                   ;         ;
; B[28]               ;                   ;         ;
; B[29]               ;                   ;         ;
; B[30]               ;                   ;         ;
; B[31]               ;                   ;         ;
; C[0]                ;                   ;         ;
; C[1]                ;                   ;         ;
; C[2]                ;                   ;         ;
; C[3]                ;                   ;         ;
; C[4]                ;                   ;         ;
; C[5]                ;                   ;         ;
; C[6]                ;                   ;         ;
; C[7]                ;                   ;         ;
; C[8]                ;                   ;         ;
; C[9]                ;                   ;         ;
; C[10]               ;                   ;         ;
; C[11]               ;                   ;         ;
; C[12]               ;                   ;         ;
; C[13]               ;                   ;         ;
; C[14]               ;                   ;         ;
; C[15]               ;                   ;         ;
; C[16]               ;                   ;         ;
; C[17]               ;                   ;         ;
; C[18]               ;                   ;         ;
; C[19]               ;                   ;         ;
; C[20]               ;                   ;         ;
; C[21]               ;                   ;         ;
; C[22]               ;                   ;         ;
; C[23]               ;                   ;         ;
; C[24]               ;                   ;         ;
; C[25]               ;                   ;         ;
; C[26]               ;                   ;         ;
; C[27]               ;                   ;         ;
; C[28]               ;                   ;         ;
; C[29]               ;                   ;         ;
; C[30]               ;                   ;         ;
; C[31]               ;                   ;         ;
; D[0]                ;                   ;         ;
; D[1]                ;                   ;         ;
; D[2]                ;                   ;         ;
; D[3]                ;                   ;         ;
; D[4]                ;                   ;         ;
; D[5]                ;                   ;         ;
; D[6]                ;                   ;         ;
; D[7]                ;                   ;         ;
; D[8]                ;                   ;         ;
; D[9]                ;                   ;         ;
; D[10]               ;                   ;         ;
; D[11]               ;                   ;         ;
; D[12]               ;                   ;         ;
; D[13]               ;                   ;         ;
; D[14]               ;                   ;         ;
; D[15]               ;                   ;         ;
; D[16]               ;                   ;         ;
; D[17]               ;                   ;         ;
; D[18]               ;                   ;         ;
; D[19]               ;                   ;         ;
; D[20]               ;                   ;         ;
; D[21]               ;                   ;         ;
; D[22]               ;                   ;         ;
; D[23]               ;                   ;         ;
; D[24]               ;                   ;         ;
; D[25]               ;                   ;         ;
; D[26]               ;                   ;         ;
; D[27]               ;                   ;         ;
; D[28]               ;                   ;         ;
; D[29]               ;                   ;         ;
; D[30]               ;                   ;         ;
; D[31]               ;                   ;         ;
; start_button        ;                   ;         ;
+---------------------+-------------------+---------+


+--------------------------------------------------------------------------------------------------------------------------------------------------------------+
; Control Signals                                                                                                                                              ;
+-----------------------------------------+------------+---------+--------------+--------+----------------------+------------------+---------------------------+
; Name                                    ; Location   ; Fan-Out ; Usage        ; Global ; Global Resource Used ; Global Line Name ; Enable Signal Source Name ;
+-----------------------------------------+------------+---------+--------------+--------+----------------------+------------------+---------------------------+
; Register32bit_A:reg_A|v_data[2]~5       ; Unassigned ; 32      ; Clock enable ; no     ; --                   ; --               ; --                        ;
; Register32bit_B:reg_B|v_data[23]~2      ; Unassigned ; 32      ; Clock enable ; no     ; --                   ; --               ; --                        ;
; Register32bit_C:reg_C|v_data[23]~3      ; Unassigned ; 32      ; Clock enable ; no     ; --                   ; --               ; --                        ;
; Register32bit_D:reg_D|v_data[31]~2      ; Unassigned ; 32      ; Clock enable ; no     ; --                   ; --               ; --                        ;
; Register32bit_add:reg_add|v_data[15]~35 ; Unassigned ; 32      ; Clock enable ; no     ; --                   ; --               ; --                        ;
; Register32bit_xor:reg_xor|v_data[7]~8   ; Unassigned ; 32      ; Clock enable ; no     ; --                   ; --               ; --                        ;
; clock                                   ; Unassigned ; 203     ; Clock        ; yes    ; Global Clock         ; Not Available    ; --                        ;
; stop_button                             ; Unassigned ; 169     ; Sync. clear  ; no     ; --                   ; --               ; --                        ;
; stop_button                             ; Unassigned ; 11      ; Async. clear ; yes    ; Global Clock         ; Not Available    ; --                        ;
+-----------------------------------------+------------+---------+--------------+--------+----------------------+------------------+---------------------------+


+-------------------------------------------------------------------------------------------------------------------------------------------------+
; Global & Other Fast Signals                                                                                                                     ;
+-------------+------------+---------+--------------------------------------+----------------------+------------------+---------------------------+
; Name        ; Location   ; Fan-Out ; Fan-Out Using Intentional Clock Skew ; Global Resource Used ; Global Line Name ; Enable Signal Source Name ;
+-------------+------------+---------+--------------------------------------+----------------------+------------------+---------------------------+
; clock       ; Unassigned ; 203     ; 0                                    ; Global Clock         ; Not Available    ; --                        ;
; stop_button ; Unassigned ; 11      ; 0                                    ; Global Clock         ; Not Available    ; --                        ;
+-------------+------------+---------+--------------------------------------+----------------------+------------------+---------------------------+


+------------------------------------------+
; I/O Rules Summary                        ;
+----------------------------------+-------+
; I/O Rules Statistic              ; Total ;
+----------------------------------+-------+
; Total I/O Rules                  ; 30    ;
; Number of I/O Rules Passed       ; 2     ;
; Number of I/O Rules Failed       ; 0     ;
; Number of I/O Rules Unchecked    ; 7     ;
; Number of I/O Rules Inapplicable ; 21    ;
+----------------------------------+-------+


+-----------------------------------------------------------------------------------------------------------------------------------------------------------------------------------------------------------------------------------------------------------------------------------------------------+
; I/O Rules Details                                                                                                                                                                                                                                                                                   ;
+--------------+-----------+-----------------------------------+------------------------------------------------------------------------------------------------------+----------+--------------------------------------------------------------------------+---------------------+-------------------+
; Status       ; ID        ; Category                          ; Rule Description                                                                                     ; Severity ; Information                                                              ; Area                ; Extra Information ;
+--------------+-----------+-----------------------------------+------------------------------------------------------------------------------------------------------+----------+--------------------------------------------------------------------------+---------------------+-------------------+
; Inapplicable ; IO_000001 ; Capacity Checks                   ; Number of pins in an I/O bank should not exceed the number of locations available.                   ; Critical ; No Location assignments found.                                           ; I/O                 ;                   ;
; Inapplicable ; IO_000002 ; Capacity Checks                   ; Number of clocks in an I/O bank should not exceed the number of clocks available.                    ; Critical ; No Global Signal assignments found.                                      ; I/O                 ;                   ;
; Inapplicable ; IO_000003 ; Capacity Checks                   ; Number of pins in a Vrefgroup should not exceed the number of locations available.                   ; Critical ; No Location assignments found.                                           ; I/O                 ;                   ;
; Inapplicable ; IO_000004 ; Voltage Compatibility Checks      ; The I/O bank should support the requested VCCIO.                                                     ; Critical ; No IOBANK_VCCIO assignments found.                                       ; I/O                 ;                   ;
; Inapplicable ; IO_000005 ; Voltage Compatibility Checks      ; The I/O bank should not have competing VREF values.                                                  ; Critical ; No VREF I/O Standard assignments found.                                  ; I/O                 ;                   ;
; Unchecked    ; IO_000006 ; Voltage Compatibility Checks      ; The I/O bank should not have competing VCCIO values.                                                 ; Critical ; 0 such failures found.                                                   ; I/O                 ;                   ;
; Inapplicable ; IO_000007 ; Valid Location Checks             ; Checks for unavailable locations.                                                                    ; Critical ; No Location assignments found.                                           ; I/O                 ;                   ;
; Inapplicable ; IO_000008 ; Valid Location Checks             ; Checks for reserved locations.                                                                       ; Critical ; No reserved LogicLock region found.                                      ; I/O                 ;                   ;
; Unchecked    ; IO_000009 ; I/O Properties Checks for One I/O ; The location should support the requested I/O standard.                                              ; Critical ; 0 such failures found.                                                   ; I/O                 ;                   ;
; Unchecked    ; IO_000010 ; I/O Properties Checks for One I/O ; The location should support the requested I/O direction.                                             ; Critical ; 0 such failures found.                                                   ; I/O                 ;                   ;
; Inapplicable ; IO_000011 ; I/O Properties Checks for One I/O ; The location should support the requested Current Strength.                                          ; Critical ; No Current Strength assignments found.                                   ; I/O                 ;                   ;
; Unchecked    ; IO_000012 ; I/O Properties Checks for One I/O ; The location should support the requested On Chip Termination value.                                 ; Critical ; 0 such failures found.                                                   ; I/O                 ;                   ;
; Inapplicable ; IO_000013 ; I/O Properties Checks for One I/O ; The location should support the requested Bus Hold value.                                            ; Critical ; No Enable Bus-Hold Circuitry assignments found.                          ; I/O                 ;                   ;
; Inapplicable ; IO_000014 ; I/O Properties Checks for One I/O ; The location should support the requested Weak Pull Up value.                                        ; Critical ; No Weak Pull-Up Resistor assignments found.                              ; I/O                 ;                   ;
; Unchecked    ; IO_000015 ; I/O Properties Checks for One I/O ; The location should support the requested PCI Clamp Diode.                                           ; Critical ; 0 such failures found.                                                   ; I/O                 ;                   ;
; Inapplicable ; IO_000018 ; I/O Properties Checks for One I/O ; The I/O standard should support the requested Current Strength.                                      ; Critical ; No Current Strength assignments found.                                   ; I/O                 ;                   ;
; Unchecked    ; IO_000019 ; I/O Properties Checks for One I/O ; The I/O standard should support the requested On Chip Termination value.                             ; Critical ; 0 such failures found.                                                   ; I/O                 ;                   ;
; Pass         ; IO_000020 ; I/O Properties Checks for One I/O ; The I/O standard should support the requested PCI Clamp Diode.                                       ; Critical ; 0 such failures found.                                                   ; I/O                 ;                   ;
; Inapplicable ; IO_000021 ; I/O Properties Checks for One I/O ; The I/O standard should support the requested Weak Pull Up value.                                    ; Critical ; No Weak Pull-Up Resistor assignments found.                              ; I/O                 ;                   ;
; Inapplicable ; IO_000022 ; I/O Properties Checks for One I/O ; The I/O standard should support the requested Bus Hold value.                                        ; Critical ; No Enable Bus-Hold Circuitry assignments found.                          ; I/O                 ;                   ;
; Inapplicable ; IO_000023 ; I/O Properties Checks for One I/O ; The I/O standard should support the Open Drain value.                                                ; Critical ; No open drain assignments found.                                         ; I/O                 ;                   ;
; Pass         ; IO_000024 ; I/O Properties Checks for One I/O ; The I/O direction should support the On Chip Termination value.                                      ; Critical ; 0 such failures found.                                                   ; I/O                 ;                   ;
; Inapplicable ; IO_000026 ; I/O Properties Checks for One I/O ; On Chip Termination and Current Strength should not be used at the same time.                        ; Critical ; No Current Strength assignments found.                                   ; I/O                 ;                   ;
; Inapplicable ; IO_000027 ; I/O Properties Checks for One I/O ; Weak Pull Up and Bus Hold should not be used at the same time.                                       ; Critical ; No Enable Bus-Hold Circuitry or Weak Pull-Up Resistor assignments found. ; I/O                 ;                   ;
; Inapplicable ; IO_000045 ; I/O Properties Checks for One I/O ; The I/O standard should support the requested Slew Rate value.                                       ; Critical ; No Slew Rate assignments found.                                          ; I/O                 ;                   ;
; Inapplicable ; IO_000046 ; I/O Properties Checks for One I/O ; The location should support the requested Slew Rate value.                                           ; Critical ; No Slew Rate assignments found.                                          ; I/O                 ;                   ;
; Inapplicable ; IO_000047 ; I/O Properties Checks for One I/O ; On Chip Termination and Slew Rate should not be used at the same time.                               ; Critical ; No Slew Rate assignments found.                                          ; I/O                 ;                   ;
; Unchecked    ; IO_000033 ; Electromigration Checks           ; Current density for consecutive I/Os should not exceed 240mA for row I/Os and 240mA for column I/Os. ; Critical ; 0 such failures found.                                                   ; I/O                 ;                   ;
; Inapplicable ; IO_000034 ; SI Related Distance Checks        ; Single-ended outputs should be 5 LAB row(s) away from a differential I/O.                            ; High     ; No Differential I/O Standard assignments found.                          ; I/O                 ;                   ;
; Inapplicable ; IO_000042 ; SI Related SSO Limit Checks       ; No more than 20 outputs are allowed in a VREF group when VREF is being read from.                    ; High     ; No VREF I/O Standard assignments found.                                  ; I/O                 ;                   ;
; ----         ; ----      ; Disclaimer                        ; OCT rules are checked but not reported.                                                              ; None     ; ----                                                                     ; On Chip Termination ;                   ;
+--------------+-----------+-----------------------------------+------------------------------------------------------------------------------------------------------+----------+--------------------------------------------------------------------------+---------------------+-------------------+


+--------------------------------------------------------------------------------------------------------------------------------------------------------------------------------------------------------------------------------------------------------------------------------------------------------------------------------------------------------------------------------------------------------------------------------------------------------------------------+
; I/O Rules Matrix                                                                                                                                                                                                                                                                                                                                                                                                                                                         ;
+--------------------+--------------+--------------+--------------+--------------+--------------+-----------+--------------+--------------+-----------+-----------+--------------+--------------+--------------+--------------+--------------+--------------+--------------+--------------+--------------+--------------+--------------+--------------+--------------+--------------+--------------+--------------+--------------+-----------+--------------+--------------+
; Pin/Rules          ; IO_000001    ; IO_000002    ; IO_000003    ; IO_000004    ; IO_000005    ; IO_000006 ; IO_000007    ; IO_000008    ; IO_000009 ; IO_000010 ; IO_000011    ; IO_000012    ; IO_000013    ; IO_000014    ; IO_000015    ; IO_000018    ; IO_000019    ; IO_000020    ; IO_000021    ; IO_000022    ; IO_000023    ; IO_000024    ; IO_000026    ; IO_000027    ; IO_000045    ; IO_000046    ; IO_000047    ; IO_000033 ; IO_000034    ; IO_000042    ;
+--------------------+--------------+--------------+--------------+--------------+--------------+-----------+--------------+--------------+-----------+-----------+--------------+--------------+--------------+--------------+--------------+--------------+--------------+--------------+--------------+--------------+--------------+--------------+--------------+--------------+--------------+--------------+--------------+-----------+--------------+--------------+
; Total Pass         ; 0            ; 0            ; 0            ; 0            ; 0            ; 2         ; 0            ; 0            ; 2         ; 2         ; 0            ; 0            ; 0            ; 0            ; 2            ; 0            ; 0            ; 131          ; 0            ; 0            ; 0            ; 128          ; 0            ; 0            ; 0            ; 0            ; 0            ; 2         ; 0            ; 0            ;
; Total Unchecked    ; 0            ; 0            ; 0            ; 0            ; 0            ; 257       ; 0            ; 0            ; 257       ; 257       ; 0            ; 128          ; 0            ; 0            ; 129          ; 0            ; 128          ; 0            ; 0            ; 0            ; 0            ; 0            ; 0            ; 0            ; 0            ; 0            ; 0            ; 257       ; 0            ; 0            ;
; Total Inapplicable ; 259          ; 259          ; 259          ; 259          ; 259          ; 0         ; 259          ; 259          ; 0         ; 0         ; 259          ; 131          ; 259          ; 259          ; 128          ; 259          ; 131          ; 128          ; 259          ; 259          ; 259          ; 131          ; 259          ; 259          ; 259          ; 259          ; 259          ; 0         ; 259          ; 259          ;
; Total Fail         ; 0            ; 0            ; 0            ; 0            ; 0            ; 0         ; 0            ; 0            ; 0         ; 0         ; 0            ; 0            ; 0            ; 0            ; 0            ; 0            ; 0            ; 0            ; 0            ; 0            ; 0            ; 0            ; 0            ; 0            ; 0            ; 0            ; 0            ; 0         ; 0            ; 0            ;
; A_out[0]           ; Inapplicable ; Inapplicable ; Inapplicable ; Inapplicable ; Inapplicable ; Unchecked ; Inapplicable ; Inapplicable ; Unchecked ; Unchecked ; Inapplicable ; Unchecked    ; Inapplicable ; Inapplicable ; Inapplicable ; Inapplicable ; Unchecked    ; Inapplicable ; Inapplicable ; Inapplicable ; Inapplicable ; Pass         ; Inapplicable ; Inapplicable ; Inapplicable ; Inapplicable ; Inapplicable ; Unchecked ; Inapplicable ; Inapplicable ;
; A_out[1]           ; Inapplicable ; Inapplicable ; Inapplicable ; Inapplicable ; Inapplicable ; Unchecked ; Inapplicable ; Inapplicable ; Unchecked ; Unchecked ; Inapplicable ; Unchecked    ; Inapplicable ; Inapplicable ; Inapplicable ; Inapplicable ; Unchecked    ; Inapplicable ; Inapplicable ; Inapplicable ; Inapplicable ; Pass         ; Inapplicable ; Inapplicable ; Inapplicable ; Inapplicable ; Inapplicable ; Unchecked ; Inapplicable ; Inapplicable ;
; A_out[2]           ; Inapplicable ; Inapplicable ; Inapplicable ; Inapplicable ; Inapplicable ; Unchecked ; Inapplicable ; Inapplicable ; Unchecked ; Unchecked ; Inapplicable ; Unchecked    ; Inapplicable ; Inapplicable ; Inapplicable ; Inapplicable ; Unchecked    ; Inapplicable ; Inapplicable ; Inapplicable ; Inapplicable ; Pass         ; Inapplicable ; Inapplicable ; Inapplicable ; Inapplicable ; Inapplicable ; Unchecked ; Inapplicable ; Inapplicable ;
; A_out[3]           ; Inapplicable ; Inapplicable ; Inapplicable ; Inapplicable ; Inapplicable ; Unchecked ; Inapplicable ; Inapplicable ; Unchecked ; Unchecked ; Inapplicable ; Unchecked    ; Inapplicable ; Inapplicable ; Inapplicable ; Inapplicable ; Unchecked    ; Inapplicable ; Inapplicable ; Inapplicable ; Inapplicable ; Pass         ; Inapplicable ; Inapplicable ; Inapplicable ; Inapplicable ; Inapplicable ; Unchecked ; Inapplicable ; Inapplicable ;
; A_out[4]           ; Inapplicable ; Inapplicable ; Inapplicable ; Inapplicable ; Inapplicable ; Unchecked ; Inapplicable ; Inapplicable ; Unchecked ; Unchecked ; Inapplicable ; Unchecked    ; Inapplicable ; Inapplicable ; Inapplicable ; Inapplicable ; Unchecked    ; Inapplicable ; Inapplicable ; Inapplicable ; Inapplicable ; Pass         ; Inapplicable ; Inapplicable ; Inapplicable ; Inapplicable ; Inapplicable ; Unchecked ; Inapplicable ; Inapplicable ;
; A_out[5]           ; Inapplicable ; Inapplicable ; Inapplicable ; Inapplicable ; Inapplicable ; Unchecked ; Inapplicable ; Inapplicable ; Unchecked ; Unchecked ; Inapplicable ; Unchecked    ; Inapplicable ; Inapplicable ; Inapplicable ; Inapplicable ; Unchecked    ; Inapplicable ; Inapplicable ; Inapplicable ; Inapplicable ; Pass         ; Inapplicable ; Inapplicable ; Inapplicable ; Inapplicable ; Inapplicable ; Unchecked ; Inapplicable ; Inapplicable ;
; A_out[6]           ; Inapplicable ; Inapplicable ; Inapplicable ; Inapplicable ; Inapplicable ; Unchecked ; Inapplicable ; Inapplicable ; Unchecked ; Unchecked ; Inapplicable ; Unchecked    ; Inapplicable ; Inapplicable ; Inapplicable ; Inapplicable ; Unchecked    ; Inapplicable ; Inapplicable ; Inapplicable ; Inapplicable ; Pass         ; Inapplicable ; Inapplicable ; Inapplicable ; Inapplicable ; Inapplicable ; Unchecked ; Inapplicable ; Inapplicable ;
; A_out[7]           ; Inapplicable ; Inapplicable ; Inapplicable ; Inapplicable ; Inapplicable ; Unchecked ; Inapplicable ; Inapplicable ; Unchecked ; Unchecked ; Inapplicable ; Unchecked    ; Inapplicable ; Inapplicable ; Inapplicable ; Inapplicable ; Unchecked    ; Inapplicable ; Inapplicable ; Inapplicable ; Inapplicable ; Pass         ; Inapplicable ; Inapplicable ; Inapplicable ; Inapplicable ; Inapplicable ; Unchecked ; Inapplicable ; Inapplicable ;
; A_out[8]           ; Inapplicable ; Inapplicable ; Inapplicable ; Inapplicable ; Inapplicable ; Unchecked ; Inapplicable ; Inapplicable ; Unchecked ; Unchecked ; Inapplicable ; Unchecked    ; Inapplicable ; Inapplicable ; Inapplicable ; Inapplicable ; Unchecked    ; Inapplicable ; Inapplicable ; Inapplicable ; Inapplicable ; Pass         ; Inapplicable ; Inapplicable ; Inapplicable ; Inapplicable ; Inapplicable ; Unchecked ; Inapplicable ; Inapplicable ;
; A_out[9]           ; Inapplicable ; Inapplicable ; Inapplicable ; Inapplicable ; Inapplicable ; Unchecked ; Inapplicable ; Inapplicable ; Unchecked ; Unchecked ; Inapplicable ; Unchecked    ; Inapplicable ; Inapplicable ; Inapplicable ; Inapplicable ; Unchecked    ; Inapplicable ; Inapplicable ; Inapplicable ; Inapplicable ; Pass         ; Inapplicable ; Inapplicable ; Inapplicable ; Inapplicable ; Inapplicable ; Unchecked ; Inapplicable ; Inapplicable ;
; A_out[10]          ; Inapplicable ; Inapplicable ; Inapplicable ; Inapplicable ; Inapplicable ; Unchecked ; Inapplicable ; Inapplicable ; Unchecked ; Unchecked ; Inapplicable ; Unchecked    ; Inapplicable ; Inapplicable ; Inapplicable ; Inapplicable ; Unchecked    ; Inapplicable ; Inapplicable ; Inapplicable ; Inapplicable ; Pass         ; Inapplicable ; Inapplicable ; Inapplicable ; Inapplicable ; Inapplicable ; Unchecked ; Inapplicable ; Inapplicable ;
; A_out[11]          ; Inapplicable ; Inapplicable ; Inapplicable ; Inapplicable ; Inapplicable ; Unchecked ; Inapplicable ; Inapplicable ; Unchecked ; Unchecked ; Inapplicable ; Unchecked    ; Inapplicable ; Inapplicable ; Inapplicable ; Inapplicable ; Unchecked    ; Inapplicable ; Inapplicable ; Inapplicable ; Inapplicable ; Pass         ; Inapplicable ; Inapplicable ; Inapplicable ; Inapplicable ; Inapplicable ; Unchecked ; Inapplicable ; Inapplicable ;
; A_out[12]          ; Inapplicable ; Inapplicable ; Inapplicable ; Inapplicable ; Inapplicable ; Unchecked ; Inapplicable ; Inapplicable ; Unchecked ; Unchecked ; Inapplicable ; Unchecked    ; Inapplicable ; Inapplicable ; Inapplicable ; Inapplicable ; Unchecked    ; Inapplicable ; Inapplicable ; Inapplicable ; Inapplicable ; Pass         ; Inapplicable ; Inapplicable ; Inapplicable ; Inapplicable ; Inapplicable ; Unchecked ; Inapplicable ; Inapplicable ;
; A_out[13]          ; Inapplicable ; Inapplicable ; Inapplicable ; Inapplicable ; Inapplicable ; Unchecked ; Inapplicable ; Inapplicable ; Unchecked ; Unchecked ; Inapplicable ; Unchecked    ; Inapplicable ; Inapplicable ; Inapplicable ; Inapplicable ; Unchecked    ; Inapplicable ; Inapplicable ; Inapplicable ; Inapplicable ; Pass         ; Inapplicable ; Inapplicable ; Inapplicable ; Inapplicable ; Inapplicable ; Unchecked ; Inapplicable ; Inapplicable ;
; A_out[14]          ; Inapplicable ; Inapplicable ; Inapplicable ; Inapplicable ; Inapplicable ; Unchecked ; Inapplicable ; Inapplicable ; Unchecked ; Unchecked ; Inapplicable ; Unchecked    ; Inapplicable ; Inapplicable ; Inapplicable ; Inapplicable ; Unchecked    ; Inapplicable ; Inapplicable ; Inapplicable ; Inapplicable ; Pass         ; Inapplicable ; Inapplicable ; Inapplicable ; Inapplicable ; Inapplicable ; Unchecked ; Inapplicable ; Inapplicable ;
; A_out[15]          ; Inapplicable ; Inapplicable ; Inapplicable ; Inapplicable ; Inapplicable ; Unchecked ; Inapplicable ; Inapplicable ; Unchecked ; Unchecked ; Inapplicable ; Unchecked    ; Inapplicable ; Inapplicable ; Inapplicable ; Inapplicable ; Unchecked    ; Inapplicable ; Inapplicable ; Inapplicable ; Inapplicable ; Pass         ; Inapplicable ; Inapplicable ; Inapplicable ; Inapplicable ; Inapplicable ; Unchecked ; Inapplicable ; Inapplicable ;
; A_out[16]          ; Inapplicable ; Inapplicable ; Inapplicable ; Inapplicable ; Inapplicable ; Unchecked ; Inapplicable ; Inapplicable ; Unchecked ; Unchecked ; Inapplicable ; Unchecked    ; Inapplicable ; Inapplicable ; Inapplicable ; Inapplicable ; Unchecked    ; Inapplicable ; Inapplicable ; Inapplicable ; Inapplicable ; Pass         ; Inapplicable ; Inapplicable ; Inapplicable ; Inapplicable ; Inapplicable ; Unchecked ; Inapplicable ; Inapplicable ;
; A_out[17]          ; Inapplicable ; Inapplicable ; Inapplicable ; Inapplicable ; Inapplicable ; Unchecked ; Inapplicable ; Inapplicable ; Unchecked ; Unchecked ; Inapplicable ; Unchecked    ; Inapplicable ; Inapplicable ; Inapplicable ; Inapplicable ; Unchecked    ; Inapplicable ; Inapplicable ; Inapplicable ; Inapplicable ; Pass         ; Inapplicable ; Inapplicable ; Inapplicable ; Inapplicable ; Inapplicable ; Unchecked ; Inapplicable ; Inapplicable ;
; A_out[18]          ; Inapplicable ; Inapplicable ; Inapplicable ; Inapplicable ; Inapplicable ; Unchecked ; Inapplicable ; Inapplicable ; Unchecked ; Unchecked ; Inapplicable ; Unchecked    ; Inapplicable ; Inapplicable ; Inapplicable ; Inapplicable ; Unchecked    ; Inapplicable ; Inapplicable ; Inapplicable ; Inapplicable ; Pass         ; Inapplicable ; Inapplicable ; Inapplicable ; Inapplicable ; Inapplicable ; Unchecked ; Inapplicable ; Inapplicable ;
; A_out[19]          ; Inapplicable ; Inapplicable ; Inapplicable ; Inapplicable ; Inapplicable ; Unchecked ; Inapplicable ; Inapplicable ; Unchecked ; Unchecked ; Inapplicable ; Unchecked    ; Inapplicable ; Inapplicable ; Inapplicable ; Inapplicable ; Unchecked    ; Inapplicable ; Inapplicable ; Inapplicable ; Inapplicable ; Pass         ; Inapplicable ; Inapplicable ; Inapplicable ; Inapplicable ; Inapplicable ; Unchecked ; Inapplicable ; Inapplicable ;
; A_out[20]          ; Inapplicable ; Inapplicable ; Inapplicable ; Inapplicable ; Inapplicable ; Unchecked ; Inapplicable ; Inapplicable ; Unchecked ; Unchecked ; Inapplicable ; Unchecked    ; Inapplicable ; Inapplicable ; Inapplicable ; Inapplicable ; Unchecked    ; Inapplicable ; Inapplicable ; Inapplicable ; Inapplicable ; Pass         ; Inapplicable ; Inapplicable ; Inapplicable ; Inapplicable ; Inapplicable ; Unchecked ; Inapplicable ; Inapplicable ;
; A_out[21]          ; Inapplicable ; Inapplicable ; Inapplicable ; Inapplicable ; Inapplicable ; Unchecked ; Inapplicable ; Inapplicable ; Unchecked ; Unchecked ; Inapplicable ; Unchecked    ; Inapplicable ; Inapplicable ; Inapplicable ; Inapplicable ; Unchecked    ; Inapplicable ; Inapplicable ; Inapplicable ; Inapplicable ; Pass         ; Inapplicable ; Inapplicable ; Inapplicable ; Inapplicable ; Inapplicable ; Unchecked ; Inapplicable ; Inapplicable ;
; A_out[22]          ; Inapplicable ; Inapplicable ; Inapplicable ; Inapplicable ; Inapplicable ; Unchecked ; Inapplicable ; Inapplicable ; Unchecked ; Unchecked ; Inapplicable ; Unchecked    ; Inapplicable ; Inapplicable ; Inapplicable ; Inapplicable ; Unchecked    ; Inapplicable ; Inapplicable ; Inapplicable ; Inapplicable ; Pass         ; Inapplicable ; Inapplicable ; Inapplicable ; Inapplicable ; Inapplicable ; Unchecked ; Inapplicable ; Inapplicable ;
; A_out[23]          ; Inapplicable ; Inapplicable ; Inapplicable ; Inapplicable ; Inapplicable ; Unchecked ; Inapplicable ; Inapplicable ; Unchecked ; Unchecked ; Inapplicable ; Unchecked    ; Inapplicable ; Inapplicable ; Inapplicable ; Inapplicable ; Unchecked    ; Inapplicable ; Inapplicable ; Inapplicable ; Inapplicable ; Pass         ; Inapplicable ; Inapplicable ; Inapplicable ; Inapplicable ; Inapplicable ; Unchecked ; Inapplicable ; Inapplicable ;
; A_out[24]          ; Inapplicable ; Inapplicable ; Inapplicable ; Inapplicable ; Inapplicable ; Unchecked ; Inapplicable ; Inapplicable ; Unchecked ; Unchecked ; Inapplicable ; Unchecked    ; Inapplicable ; Inapplicable ; Inapplicable ; Inapplicable ; Unchecked    ; Inapplicable ; Inapplicable ; Inapplicable ; Inapplicable ; Pass         ; Inapplicable ; Inapplicable ; Inapplicable ; Inapplicable ; Inapplicable ; Unchecked ; Inapplicable ; Inapplicable ;
; A_out[25]          ; Inapplicable ; Inapplicable ; Inapplicable ; Inapplicable ; Inapplicable ; Unchecked ; Inapplicable ; Inapplicable ; Unchecked ; Unchecked ; Inapplicable ; Unchecked    ; Inapplicable ; Inapplicable ; Inapplicable ; Inapplicable ; Unchecked    ; Inapplicable ; Inapplicable ; Inapplicable ; Inapplicable ; Pass         ; Inapplicable ; Inapplicable ; Inapplicable ; Inapplicable ; Inapplicable ; Unchecked ; Inapplicable ; Inapplicable ;
; A_out[26]          ; Inapplicable ; Inapplicable ; Inapplicable ; Inapplicable ; Inapplicable ; Unchecked ; Inapplicable ; Inapplicable ; Unchecked ; Unchecked ; Inapplicable ; Unchecked    ; Inapplicable ; Inapplicable ; Inapplicable ; Inapplicable ; Unchecked    ; Inapplicable ; Inapplicable ; Inapplicable ; Inapplicable ; Pass         ; Inapplicable ; Inapplicable ; Inapplicable ; Inapplicable ; Inapplicable ; Unchecked ; Inapplicable ; Inapplicable ;
; A_out[27]          ; Inapplicable ; Inapplicable ; Inapplicable ; Inapplicable ; Inapplicable ; Unchecked ; Inapplicable ; Inapplicable ; Unchecked ; Unchecked ; Inapplicable ; Unchecked    ; Inapplicable ; Inapplicable ; Inapplicable ; Inapplicable ; Unchecked    ; Inapplicable ; Inapplicable ; Inapplicable ; Inapplicable ; Pass         ; Inapplicable ; Inapplicable ; Inapplicable ; Inapplicable ; Inapplicable ; Unchecked ; Inapplicable ; Inapplicable ;
; A_out[28]          ; Inapplicable ; Inapplicable ; Inapplicable ; Inapplicable ; Inapplicable ; Unchecked ; Inapplicable ; Inapplicable ; Unchecked ; Unchecked ; Inapplicable ; Unchecked    ; Inapplicable ; Inapplicable ; Inapplicable ; Inapplicable ; Unchecked    ; Inapplicable ; Inapplicable ; Inapplicable ; Inapplicable ; Pass         ; Inapplicable ; Inapplicable ; Inapplicable ; Inapplicable ; Inapplicable ; Unchecked ; Inapplicable ; Inapplicable ;
; A_out[29]          ; Inapplicable ; Inapplicable ; Inapplicable ; Inapplicable ; Inapplicable ; Unchecked ; Inapplicable ; Inapplicable ; Unchecked ; Unchecked ; Inapplicable ; Unchecked    ; Inapplicable ; Inapplicable ; Inapplicable ; Inapplicable ; Unchecked    ; Inapplicable ; Inapplicable ; Inapplicable ; Inapplicable ; Pass         ; Inapplicable ; Inapplicable ; Inapplicable ; Inapplicable ; Inapplicable ; Unchecked ; Inapplicable ; Inapplicable ;
; A_out[30]          ; Inapplicable ; Inapplicable ; Inapplicable ; Inapplicable ; Inapplicable ; Unchecked ; Inapplicable ; Inapplicable ; Unchecked ; Unchecked ; Inapplicable ; Unchecked    ; Inapplicable ; Inapplicable ; Inapplicable ; Inapplicable ; Unchecked    ; Inapplicable ; Inapplicable ; Inapplicable ; Inapplicable ; Pass         ; Inapplicable ; Inapplicable ; Inapplicable ; Inapplicable ; Inapplicable ; Unchecked ; Inapplicable ; Inapplicable ;
; A_out[31]          ; Inapplicable ; Inapplicable ; Inapplicable ; Inapplicable ; Inapplicable ; Unchecked ; Inapplicable ; Inapplicable ; Unchecked ; Unchecked ; Inapplicable ; Unchecked    ; Inapplicable ; Inapplicable ; Inapplicable ; Inapplicable ; Unchecked    ; Inapplicable ; Inapplicable ; Inapplicable ; Inapplicable ; Pass         ; Inapplicable ; Inapplicable ; Inapplicable ; Inapplicable ; Inapplicable ; Unchecked ; Inapplicable ; Inapplicable ;
; B_out[0]           ; Inapplicable ; Inapplicable ; Inapplicable ; Inapplicable ; Inapplicable ; Unchecked ; Inapplicable ; Inapplicable ; Unchecked ; Unchecked ; Inapplicable ; Unchecked    ; Inapplicable ; Inapplicable ; Inapplicable ; Inapplicable ; Unchecked    ; Inapplicable ; Inapplicable ; Inapplicable ; Inapplicable ; Pass         ; Inapplicable ; Inapplicable ; Inapplicable ; Inapplicable ; Inapplicable ; Unchecked ; Inapplicable ; Inapplicable ;
; B_out[1]           ; Inapplicable ; Inapplicable ; Inapplicable ; Inapplicable ; Inapplicable ; Unchecked ; Inapplicable ; Inapplicable ; Unchecked ; Unchecked ; Inapplicable ; Unchecked    ; Inapplicable ; Inapplicable ; Inapplicable ; Inapplicable ; Unchecked    ; Inapplicable ; Inapplicable ; Inapplicable ; Inapplicable ; Pass         ; Inapplicable ; Inapplicable ; Inapplicable ; Inapplicable ; Inapplicable ; Unchecked ; Inapplicable ; Inapplicable ;
; B_out[2]           ; Inapplicable ; Inapplicable ; Inapplicable ; Inapplicable ; Inapplicable ; Unchecked ; Inapplicable ; Inapplicable ; Unchecked ; Unchecked ; Inapplicable ; Unchecked    ; Inapplicable ; Inapplicable ; Inapplicable ; Inapplicable ; Unchecked    ; Inapplicable ; Inapplicable ; Inapplicable ; Inapplicable ; Pass         ; Inapplicable ; Inapplicable ; Inapplicable ; Inapplicable ; Inapplicable ; Unchecked ; Inapplicable ; Inapplicable ;
; B_out[3]           ; Inapplicable ; Inapplicable ; Inapplicable ; Inapplicable ; Inapplicable ; Unchecked ; Inapplicable ; Inapplicable ; Unchecked ; Unchecked ; Inapplicable ; Unchecked    ; Inapplicable ; Inapplicable ; Inapplicable ; Inapplicable ; Unchecked    ; Inapplicable ; Inapplicable ; Inapplicable ; Inapplicable ; Pass         ; Inapplicable ; Inapplicable ; Inapplicable ; Inapplicable ; Inapplicable ; Unchecked ; Inapplicable ; Inapplicable ;
; B_out[4]           ; Inapplicable ; Inapplicable ; Inapplicable ; Inapplicable ; Inapplicable ; Unchecked ; Inapplicable ; Inapplicable ; Unchecked ; Unchecked ; Inapplicable ; Unchecked    ; Inapplicable ; Inapplicable ; Inapplicable ; Inapplicable ; Unchecked    ; Inapplicable ; Inapplicable ; Inapplicable ; Inapplicable ; Pass         ; Inapplicable ; Inapplicable ; Inapplicable ; Inapplicable ; Inapplicable ; Unchecked ; Inapplicable ; Inapplicable ;
; B_out[5]           ; Inapplicable ; Inapplicable ; Inapplicable ; Inapplicable ; Inapplicable ; Unchecked ; Inapplicable ; Inapplicable ; Unchecked ; Unchecked ; Inapplicable ; Unchecked    ; Inapplicable ; Inapplicable ; Inapplicable ; Inapplicable ; Unchecked    ; Inapplicable ; Inapplicable ; Inapplicable ; Inapplicable ; Pass         ; Inapplicable ; Inapplicable ; Inapplicable ; Inapplicable ; Inapplicable ; Unchecked ; Inapplicable ; Inapplicable ;
; B_out[6]           ; Inapplicable ; Inapplicable ; Inapplicable ; Inapplicable ; Inapplicable ; Unchecked ; Inapplicable ; Inapplicable ; Unchecked ; Unchecked ; Inapplicable ; Unchecked    ; Inapplicable ; Inapplicable ; Inapplicable ; Inapplicable ; Unchecked    ; Inapplicable ; Inapplicable ; Inapplicable ; Inapplicable ; Pass         ; Inapplicable ; Inapplicable ; Inapplicable ; Inapplicable ; Inapplicable ; Unchecked ; Inapplicable ; Inapplicable ;
; B_out[7]           ; Inapplicable ; Inapplicable ; Inapplicable ; Inapplicable ; Inapplicable ; Unchecked ; Inapplicable ; Inapplicable ; Unchecked ; Unchecked ; Inapplicable ; Unchecked    ; Inapplicable ; Inapplicable ; Inapplicable ; Inapplicable ; Unchecked    ; Inapplicable ; Inapplicable ; Inapplicable ; Inapplicable ; Pass         ; Inapplicable ; Inapplicable ; Inapplicable ; Inapplicable ; Inapplicable ; Unchecked ; Inapplicable ; Inapplicable ;
; B_out[8]           ; Inapplicable ; Inapplicable ; Inapplicable ; Inapplicable ; Inapplicable ; Unchecked ; Inapplicable ; Inapplicable ; Unchecked ; Unchecked ; Inapplicable ; Unchecked    ; Inapplicable ; Inapplicable ; Inapplicable ; Inapplicable ; Unchecked    ; Inapplicable ; Inapplicable ; Inapplicable ; Inapplicable ; Pass         ; Inapplicable ; Inapplicable ; Inapplicable ; Inapplicable ; Inapplicable ; Unchecked ; Inapplicable ; Inapplicable ;
; B_out[9]           ; Inapplicable ; Inapplicable ; Inapplicable ; Inapplicable ; Inapplicable ; Unchecked ; Inapplicable ; Inapplicable ; Unchecked ; Unchecked ; Inapplicable ; Unchecked    ; Inapplicable ; Inapplicable ; Inapplicable ; Inapplicable ; Unchecked    ; Inapplicable ; Inapplicable ; Inapplicable ; Inapplicable ; Pass         ; Inapplicable ; Inapplicable ; Inapplicable ; Inapplicable ; Inapplicable ; Unchecked ; Inapplicable ; Inapplicable ;
; B_out[10]          ; Inapplicable ; Inapplicable ; Inapplicable ; Inapplicable ; Inapplicable ; Unchecked ; Inapplicable ; Inapplicable ; Unchecked ; Unchecked ; Inapplicable ; Unchecked    ; Inapplicable ; Inapplicable ; Inapplicable ; Inapplicable ; Unchecked    ; Inapplicable ; Inapplicable ; Inapplicable ; Inapplicable ; Pass         ; Inapplicable ; Inapplicable ; Inapplicable ; Inapplicable ; Inapplicable ; Unchecked ; Inapplicable ; Inapplicable ;
; B_out[11]          ; Inapplicable ; Inapplicable ; Inapplicable ; Inapplicable ; Inapplicable ; Unchecked ; Inapplicable ; Inapplicable ; Unchecked ; Unchecked ; Inapplicable ; Unchecked    ; Inapplicable ; Inapplicable ; Inapplicable ; Inapplicable ; Unchecked    ; Inapplicable ; Inapplicable ; Inapplicable ; Inapplicable ; Pass         ; Inapplicable ; Inapplicable ; Inapplicable ; Inapplicable ; Inapplicable ; Unchecked ; Inapplicable ; Inapplicable ;
; B_out[12]          ; Inapplicable ; Inapplicable ; Inapplicable ; Inapplicable ; Inapplicable ; Unchecked ; Inapplicable ; Inapplicable ; Unchecked ; Unchecked ; Inapplicable ; Unchecked    ; Inapplicable ; Inapplicable ; Inapplicable ; Inapplicable ; Unchecked    ; Inapplicable ; Inapplicable ; Inapplicable ; Inapplicable ; Pass         ; Inapplicable ; Inapplicable ; Inapplicable ; Inapplicable ; Inapplicable ; Unchecked ; Inapplicable ; Inapplicable ;
; B_out[13]          ; Inapplicable ; Inapplicable ; Inapplicable ; Inapplicable ; Inapplicable ; Unchecked ; Inapplicable ; Inapplicable ; Unchecked ; Unchecked ; Inapplicable ; Unchecked    ; Inapplicable ; Inapplicable ; Inapplicable ; Inapplicable ; Unchecked    ; Inapplicable ; Inapplicable ; Inapplicable ; Inapplicable ; Pass         ; Inapplicable ; Inapplicable ; Inapplicable ; Inapplicable ; Inapplicable ; Unchecked ; Inapplicable ; Inapplicable ;
; B_out[14]          ; Inapplicable ; Inapplicable ; Inapplicable ; Inapplicable ; Inapplicable ; Unchecked ; Inapplicable ; Inapplicable ; Unchecked ; Unchecked ; Inapplicable ; Unchecked    ; Inapplicable ; Inapplicable ; Inapplicable ; Inapplicable ; Unchecked    ; Inapplicable ; Inapplicable ; Inapplicable ; Inapplicable ; Pass         ; Inapplicable ; Inapplicable ; Inapplicable ; Inapplicable ; Inapplicable ; Unchecked ; Inapplicable ; Inapplicable ;
; B_out[15]          ; Inapplicable ; Inapplicable ; Inapplicable ; Inapplicable ; Inapplicable ; Unchecked ; Inapplicable ; Inapplicable ; Unchecked ; Unchecked ; Inapplicable ; Unchecked    ; Inapplicable ; Inapplicable ; Inapplicable ; Inapplicable ; Unchecked    ; Inapplicable ; Inapplicable ; Inapplicable ; Inapplicable ; Pass         ; Inapplicable ; Inapplicable ; Inapplicable ; Inapplicable ; Inapplicable ; Unchecked ; Inapplicable ; Inapplicable ;
; B_out[16]          ; Inapplicable ; Inapplicable ; Inapplicable ; Inapplicable ; Inapplicable ; Unchecked ; Inapplicable ; Inapplicable ; Unchecked ; Unchecked ; Inapplicable ; Unchecked    ; Inapplicable ; Inapplicable ; Inapplicable ; Inapplicable ; Unchecked    ; Inapplicable ; Inapplicable ; Inapplicable ; Inapplicable ; Pass         ; Inapplicable ; Inapplicable ; Inapplicable ; Inapplicable ; Inapplicable ; Unchecked ; Inapplicable ; Inapplicable ;
; B_out[17]          ; Inapplicable ; Inapplicable ; Inapplicable ; Inapplicable ; Inapplicable ; Unchecked ; Inapplicable ; Inapplicable ; Unchecked ; Unchecked ; Inapplicable ; Unchecked    ; Inapplicable ; Inapplicable ; Inapplicable ; Inapplicable ; Unchecked    ; Inapplicable ; Inapplicable ; Inapplicable ; Inapplicable ; Pass         ; Inapplicable ; Inapplicable ; Inapplicable ; Inapplicable ; Inapplicable ; Unchecked ; Inapplicable ; Inapplicable ;
; B_out[18]          ; Inapplicable ; Inapplicable ; Inapplicable ; Inapplicable ; Inapplicable ; Unchecked ; Inapplicable ; Inapplicable ; Unchecked ; Unchecked ; Inapplicable ; Unchecked    ; Inapplicable ; Inapplicable ; Inapplicable ; Inapplicable ; Unchecked    ; Inapplicable ; Inapplicable ; Inapplicable ; Inapplicable ; Pass         ; Inapplicable ; Inapplicable ; Inapplicable ; Inapplicable ; Inapplicable ; Unchecked ; Inapplicable ; Inapplicable ;
; B_out[19]          ; Inapplicable ; Inapplicable ; Inapplicable ; Inapplicable ; Inapplicable ; Unchecked ; Inapplicable ; Inapplicable ; Unchecked ; Unchecked ; Inapplicable ; Unchecked    ; Inapplicable ; Inapplicable ; Inapplicable ; Inapplicable ; Unchecked    ; Inapplicable ; Inapplicable ; Inapplicable ; Inapplicable ; Pass         ; Inapplicable ; Inapplicable ; Inapplicable ; Inapplicable ; Inapplicable ; Unchecked ; Inapplicable ; Inapplicable ;
; B_out[20]          ; Inapplicable ; Inapplicable ; Inapplicable ; Inapplicable ; Inapplicable ; Unchecked ; Inapplicable ; Inapplicable ; Unchecked ; Unchecked ; Inapplicable ; Unchecked    ; Inapplicable ; Inapplicable ; Inapplicable ; Inapplicable ; Unchecked    ; Inapplicable ; Inapplicable ; Inapplicable ; Inapplicable ; Pass         ; Inapplicable ; Inapplicable ; Inapplicable ; Inapplicable ; Inapplicable ; Unchecked ; Inapplicable ; Inapplicable ;
; B_out[21]          ; Inapplicable ; Inapplicable ; Inapplicable ; Inapplicable ; Inapplicable ; Unchecked ; Inapplicable ; Inapplicable ; Unchecked ; Unchecked ; Inapplicable ; Unchecked    ; Inapplicable ; Inapplicable ; Inapplicable ; Inapplicable ; Unchecked    ; Inapplicable ; Inapplicable ; Inapplicable ; Inapplicable ; Pass         ; Inapplicable ; Inapplicable ; Inapplicable ; Inapplicable ; Inapplicable ; Unchecked ; Inapplicable ; Inapplicable ;
; B_out[22]          ; Inapplicable ; Inapplicable ; Inapplicable ; Inapplicable ; Inapplicable ; Unchecked ; Inapplicable ; Inapplicable ; Unchecked ; Unchecked ; Inapplicable ; Unchecked    ; Inapplicable ; Inapplicable ; Inapplicable ; Inapplicable ; Unchecked    ; Inapplicable ; Inapplicable ; Inapplicable ; Inapplicable ; Pass         ; Inapplicable ; Inapplicable ; Inapplicable ; Inapplicable ; Inapplicable ; Unchecked ; Inapplicable ; Inapplicable ;
; B_out[23]          ; Inapplicable ; Inapplicable ; Inapplicable ; Inapplicable ; Inapplicable ; Unchecked ; Inapplicable ; Inapplicable ; Unchecked ; Unchecked ; Inapplicable ; Unchecked    ; Inapplicable ; Inapplicable ; Inapplicable ; Inapplicable ; Unchecked    ; Inapplicable ; Inapplicable ; Inapplicable ; Inapplicable ; Pass         ; Inapplicable ; Inapplicable ; Inapplicable ; Inapplicable ; Inapplicable ; Unchecked ; Inapplicable ; Inapplicable ;
; B_out[24]          ; Inapplicable ; Inapplicable ; Inapplicable ; Inapplicable ; Inapplicable ; Unchecked ; Inapplicable ; Inapplicable ; Unchecked ; Unchecked ; Inapplicable ; Unchecked    ; Inapplicable ; Inapplicable ; Inapplicable ; Inapplicable ; Unchecked    ; Inapplicable ; Inapplicable ; Inapplicable ; Inapplicable ; Pass         ; Inapplicable ; Inapplicable ; Inapplicable ; Inapplicable ; Inapplicable ; Unchecked ; Inapplicable ; Inapplicable ;
; B_out[25]          ; Inapplicable ; Inapplicable ; Inapplicable ; Inapplicable ; Inapplicable ; Unchecked ; Inapplicable ; Inapplicable ; Unchecked ; Unchecked ; Inapplicable ; Unchecked    ; Inapplicable ; Inapplicable ; Inapplicable ; Inapplicable ; Unchecked    ; Inapplicable ; Inapplicable ; Inapplicable ; Inapplicable ; Pass         ; Inapplicable ; Inapplicable ; Inapplicable ; Inapplicable ; Inapplicable ; Unchecked ; Inapplicable ; Inapplicable ;
; B_out[26]          ; Inapplicable ; Inapplicable ; Inapplicable ; Inapplicable ; Inapplicable ; Unchecked ; Inapplicable ; Inapplicable ; Unchecked ; Unchecked ; Inapplicable ; Unchecked    ; Inapplicable ; Inapplicable ; Inapplicable ; Inapplicable ; Unchecked    ; Inapplicable ; Inapplicable ; Inapplicable ; Inapplicable ; Pass         ; Inapplicable ; Inapplicable ; Inapplicable ; Inapplicable ; Inapplicable ; Unchecked ; Inapplicable ; Inapplicable ;
; B_out[27]          ; Inapplicable ; Inapplicable ; Inapplicable ; Inapplicable ; Inapplicable ; Unchecked ; Inapplicable ; Inapplicable ; Unchecked ; Unchecked ; Inapplicable ; Unchecked    ; Inapplicable ; Inapplicable ; Inapplicable ; Inapplicable ; Unchecked    ; Inapplicable ; Inapplicable ; Inapplicable ; Inapplicable ; Pass         ; Inapplicable ; Inapplicable ; Inapplicable ; Inapplicable ; Inapplicable ; Unchecked ; Inapplicable ; Inapplicable ;
; B_out[28]          ; Inapplicable ; Inapplicable ; Inapplicable ; Inapplicable ; Inapplicable ; Unchecked ; Inapplicable ; Inapplicable ; Unchecked ; Unchecked ; Inapplicable ; Unchecked    ; Inapplicable ; Inapplicable ; Inapplicable ; Inapplicable ; Unchecked    ; Inapplicable ; Inapplicable ; Inapplicable ; Inapplicable ; Pass         ; Inapplicable ; Inapplicable ; Inapplicable ; Inapplicable ; Inapplicable ; Unchecked ; Inapplicable ; Inapplicable ;
; B_out[29]          ; Inapplicable ; Inapplicable ; Inapplicable ; Inapplicable ; Inapplicable ; Unchecked ; Inapplicable ; Inapplicable ; Unchecked ; Unchecked ; Inapplicable ; Unchecked    ; Inapplicable ; Inapplicable ; Inapplicable ; Inapplicable ; Unchecked    ; Inapplicable ; Inapplicable ; Inapplicable ; Inapplicable ; Pass         ; Inapplicable ; Inapplicable ; Inapplicable ; Inapplicable ; Inapplicable ; Unchecked ; Inapplicable ; Inapplicable ;
; B_out[30]          ; Inapplicable ; Inapplicable ; Inapplicable ; Inapplicable ; Inapplicable ; Unchecked ; Inapplicable ; Inapplicable ; Unchecked ; Unchecked ; Inapplicable ; Unchecked    ; Inapplicable ; Inapplicable ; Inapplicable ; Inapplicable ; Unchecked    ; Inapplicable ; Inapplicable ; Inapplicable ; Inapplicable ; Pass         ; Inapplicable ; Inapplicable ; Inapplicable ; Inapplicable ; Inapplicable ; Unchecked ; Inapplicable ; Inapplicable ;
; B_out[31]          ; Inapplicable ; Inapplicable ; Inapplicable ; Inapplicable ; Inapplicable ; Unchecked ; Inapplicable ; Inapplicable ; Unchecked ; Unchecked ; Inapplicable ; Unchecked    ; Inapplicable ; Inapplicable ; Inapplicable ; Inapplicable ; Unchecked    ; Inapplicable ; Inapplicable ; Inapplicable ; Inapplicable ; Pass         ; Inapplicable ; Inapplicable ; Inapplicable ; Inapplicable ; Inapplicable ; Unchecked ; Inapplicable ; Inapplicable ;
; C_out[0]           ; Inapplicable ; Inapplicable ; Inapplicable ; Inapplicable ; Inapplicable ; Unchecked ; Inapplicable ; Inapplicable ; Unchecked ; Unchecked ; Inapplicable ; Unchecked    ; Inapplicable ; Inapplicable ; Inapplicable ; Inapplicable ; Unchecked    ; Inapplicable ; Inapplicable ; Inapplicable ; Inapplicable ; Pass         ; Inapplicable ; Inapplicable ; Inapplicable ; Inapplicable ; Inapplicable ; Unchecked ; Inapplicable ; Inapplicable ;
; C_out[1]           ; Inapplicable ; Inapplicable ; Inapplicable ; Inapplicable ; Inapplicable ; Unchecked ; Inapplicable ; Inapplicable ; Unchecked ; Unchecked ; Inapplicable ; Unchecked    ; Inapplicable ; Inapplicable ; Inapplicable ; Inapplicable ; Unchecked    ; Inapplicable ; Inapplicable ; Inapplicable ; Inapplicable ; Pass         ; Inapplicable ; Inapplicable ; Inapplicable ; Inapplicable ; Inapplicable ; Unchecked ; Inapplicable ; Inapplicable ;
; C_out[2]           ; Inapplicable ; Inapplicable ; Inapplicable ; Inapplicable ; Inapplicable ; Unchecked ; Inapplicable ; Inapplicable ; Unchecked ; Unchecked ; Inapplicable ; Unchecked    ; Inapplicable ; Inapplicable ; Inapplicable ; Inapplicable ; Unchecked    ; Inapplicable ; Inapplicable ; Inapplicable ; Inapplicable ; Pass         ; Inapplicable ; Inapplicable ; Inapplicable ; Inapplicable ; Inapplicable ; Unchecked ; Inapplicable ; Inapplicable ;
; C_out[3]           ; Inapplicable ; Inapplicable ; Inapplicable ; Inapplicable ; Inapplicable ; Unchecked ; Inapplicable ; Inapplicable ; Unchecked ; Unchecked ; Inapplicable ; Unchecked    ; Inapplicable ; Inapplicable ; Inapplicable ; Inapplicable ; Unchecked    ; Inapplicable ; Inapplicable ; Inapplicable ; Inapplicable ; Pass         ; Inapplicable ; Inapplicable ; Inapplicable ; Inapplicable ; Inapplicable ; Unchecked ; Inapplicable ; Inapplicable ;
; C_out[4]           ; Inapplicable ; Inapplicable ; Inapplicable ; Inapplicable ; Inapplicable ; Unchecked ; Inapplicable ; Inapplicable ; Unchecked ; Unchecked ; Inapplicable ; Unchecked    ; Inapplicable ; Inapplicable ; Inapplicable ; Inapplicable ; Unchecked    ; Inapplicable ; Inapplicable ; Inapplicable ; Inapplicable ; Pass         ; Inapplicable ; Inapplicable ; Inapplicable ; Inapplicable ; Inapplicable ; Unchecked ; Inapplicable ; Inapplicable ;
; C_out[5]           ; Inapplicable ; Inapplicable ; Inapplicable ; Inapplicable ; Inapplicable ; Unchecked ; Inapplicable ; Inapplicable ; Unchecked ; Unchecked ; Inapplicable ; Unchecked    ; Inapplicable ; Inapplicable ; Inapplicable ; Inapplicable ; Unchecked    ; Inapplicable ; Inapplicable ; Inapplicable ; Inapplicable ; Pass         ; Inapplicable ; Inapplicable ; Inapplicable ; Inapplicable ; Inapplicable ; Unchecked ; Inapplicable ; Inapplicable ;
; C_out[6]           ; Inapplicable ; Inapplicable ; Inapplicable ; Inapplicable ; Inapplicable ; Unchecked ; Inapplicable ; Inapplicable ; Unchecked ; Unchecked ; Inapplicable ; Unchecked    ; Inapplicable ; Inapplicable ; Inapplicable ; Inapplicable ; Unchecked    ; Inapplicable ; Inapplicable ; Inapplicable ; Inapplicable ; Pass         ; Inapplicable ; Inapplicable ; Inapplicable ; Inapplicable ; Inapplicable ; Unchecked ; Inapplicable ; Inapplicable ;
; C_out[7]           ; Inapplicable ; Inapplicable ; Inapplicable ; Inapplicable ; Inapplicable ; Unchecked ; Inapplicable ; Inapplicable ; Unchecked ; Unchecked ; Inapplicable ; Unchecked    ; Inapplicable ; Inapplicable ; Inapplicable ; Inapplicable ; Unchecked    ; Inapplicable ; Inapplicable ; Inapplicable ; Inapplicable ; Pass         ; Inapplicable ; Inapplicable ; Inapplicable ; Inapplicable ; Inapplicable ; Unchecked ; Inapplicable ; Inapplicable ;
; C_out[8]           ; Inapplicable ; Inapplicable ; Inapplicable ; Inapplicable ; Inapplicable ; Unchecked ; Inapplicable ; Inapplicable ; Unchecked ; Unchecked ; Inapplicable ; Unchecked    ; Inapplicable ; Inapplicable ; Inapplicable ; Inapplicable ; Unchecked    ; Inapplicable ; Inapplicable ; Inapplicable ; Inapplicable ; Pass         ; Inapplicable ; Inapplicable ; Inapplicable ; Inapplicable ; Inapplicable ; Unchecked ; Inapplicable ; Inapplicable ;
; C_out[9]           ; Inapplicable ; Inapplicable ; Inapplicable ; Inapplicable ; Inapplicable ; Unchecked ; Inapplicable ; Inapplicable ; Unchecked ; Unchecked ; Inapplicable ; Unchecked    ; Inapplicable ; Inapplicable ; Inapplicable ; Inapplicable ; Unchecked    ; Inapplicable ; Inapplicable ; Inapplicable ; Inapplicable ; Pass         ; Inapplicable ; Inapplicable ; Inapplicable ; Inapplicable ; Inapplicable ; Unchecked ; Inapplicable ; Inapplicable ;
; C_out[10]          ; Inapplicable ; Inapplicable ; Inapplicable ; Inapplicable ; Inapplicable ; Unchecked ; Inapplicable ; Inapplicable ; Unchecked ; Unchecked ; Inapplicable ; Unchecked    ; Inapplicable ; Inapplicable ; Inapplicable ; Inapplicable ; Unchecked    ; Inapplicable ; Inapplicable ; Inapplicable ; Inapplicable ; Pass         ; Inapplicable ; Inapplicable ; Inapplicable ; Inapplicable ; Inapplicable ; Unchecked ; Inapplicable ; Inapplicable ;
; C_out[11]          ; Inapplicable ; Inapplicable ; Inapplicable ; Inapplicable ; Inapplicable ; Unchecked ; Inapplicable ; Inapplicable ; Unchecked ; Unchecked ; Inapplicable ; Unchecked    ; Inapplicable ; Inapplicable ; Inapplicable ; Inapplicable ; Unchecked    ; Inapplicable ; Inapplicable ; Inapplicable ; Inapplicable ; Pass         ; Inapplicable ; Inapplicable ; Inapplicable ; Inapplicable ; Inapplicable ; Unchecked ; Inapplicable ; Inapplicable ;
; C_out[12]          ; Inapplicable ; Inapplicable ; Inapplicable ; Inapplicable ; Inapplicable ; Unchecked ; Inapplicable ; Inapplicable ; Unchecked ; Unchecked ; Inapplicable ; Unchecked    ; Inapplicable ; Inapplicable ; Inapplicable ; Inapplicable ; Unchecked    ; Inapplicable ; Inapplicable ; Inapplicable ; Inapplicable ; Pass         ; Inapplicable ; Inapplicable ; Inapplicable ; Inapplicable ; Inapplicable ; Unchecked ; Inapplicable ; Inapplicable ;
; C_out[13]          ; Inapplicable ; Inapplicable ; Inapplicable ; Inapplicable ; Inapplicable ; Unchecked ; Inapplicable ; Inapplicable ; Unchecked ; Unchecked ; Inapplicable ; Unchecked    ; Inapplicable ; Inapplicable ; Inapplicable ; Inapplicable ; Unchecked    ; Inapplicable ; Inapplicable ; Inapplicable ; Inapplicable ; Pass         ; Inapplicable ; Inapplicable ; Inapplicable ; Inapplicable ; Inapplicable ; Unchecked ; Inapplicable ; Inapplicable ;
; C_out[14]          ; Inapplicable ; Inapplicable ; Inapplicable ; Inapplicable ; Inapplicable ; Unchecked ; Inapplicable ; Inapplicable ; Unchecked ; Unchecked ; Inapplicable ; Unchecked    ; Inapplicable ; Inapplicable ; Inapplicable ; Inapplicable ; Unchecked    ; Inapplicable ; Inapplicable ; Inapplicable ; Inapplicable ; Pass         ; Inapplicable ; Inapplicable ; Inapplicable ; Inapplicable ; Inapplicable ; Unchecked ; Inapplicable ; Inapplicable ;
; C_out[15]          ; Inapplicable ; Inapplicable ; Inapplicable ; Inapplicable ; Inapplicable ; Unchecked ; Inapplicable ; Inapplicable ; Unchecked ; Unchecked ; Inapplicable ; Unchecked    ; Inapplicable ; Inapplicable ; Inapplicable ; Inapplicable ; Unchecked    ; Inapplicable ; Inapplicable ; Inapplicable ; Inapplicable ; Pass         ; Inapplicable ; Inapplicable ; Inapplicable ; Inapplicable ; Inapplicable ; Unchecked ; Inapplicable ; Inapplicable ;
; C_out[16]          ; Inapplicable ; Inapplicable ; Inapplicable ; Inapplicable ; Inapplicable ; Unchecked ; Inapplicable ; Inapplicable ; Unchecked ; Unchecked ; Inapplicable ; Unchecked    ; Inapplicable ; Inapplicable ; Inapplicable ; Inapplicable ; Unchecked    ; Inapplicable ; Inapplicable ; Inapplicable ; Inapplicable ; Pass         ; Inapplicable ; Inapplicable ; Inapplicable ; Inapplicable ; Inapplicable ; Unchecked ; Inapplicable ; Inapplicable ;
; C_out[17]          ; Inapplicable ; Inapplicable ; Inapplicable ; Inapplicable ; Inapplicable ; Unchecked ; Inapplicable ; Inapplicable ; Unchecked ; Unchecked ; Inapplicable ; Unchecked    ; Inapplicable ; Inapplicable ; Inapplicable ; Inapplicable ; Unchecked    ; Inapplicable ; Inapplicable ; Inapplicable ; Inapplicable ; Pass         ; Inapplicable ; Inapplicable ; Inapplicable ; Inapplicable ; Inapplicable ; Unchecked ; Inapplicable ; Inapplicable ;
; C_out[18]          ; Inapplicable ; Inapplicable ; Inapplicable ; Inapplicable ; Inapplicable ; Unchecked ; Inapplicable ; Inapplicable ; Unchecked ; Unchecked ; Inapplicable ; Unchecked    ; Inapplicable ; Inapplicable ; Inapplicable ; Inapplicable ; Unchecked    ; Inapplicable ; Inapplicable ; Inapplicable ; Inapplicable ; Pass         ; Inapplicable ; Inapplicable ; Inapplicable ; Inapplicable ; Inapplicable ; Unchecked ; Inapplicable ; Inapplicable ;
; C_out[19]          ; Inapplicable ; Inapplicable ; Inapplicable ; Inapplicable ; Inapplicable ; Unchecked ; Inapplicable ; Inapplicable ; Unchecked ; Unchecked ; Inapplicable ; Unchecked    ; Inapplicable ; Inapplicable ; Inapplicable ; Inapplicable ; Unchecked    ; Inapplicable ; Inapplicable ; Inapplicable ; Inapplicable ; Pass         ; Inapplicable ; Inapplicable ; Inapplicable ; Inapplicable ; Inapplicable ; Unchecked ; Inapplicable ; Inapplicable ;
; C_out[20]          ; Inapplicable ; Inapplicable ; Inapplicable ; Inapplicable ; Inapplicable ; Unchecked ; Inapplicable ; Inapplicable ; Unchecked ; Unchecked ; Inapplicable ; Unchecked    ; Inapplicable ; Inapplicable ; Inapplicable ; Inapplicable ; Unchecked    ; Inapplicable ; Inapplicable ; Inapplicable ; Inapplicable ; Pass         ; Inapplicable ; Inapplicable ; Inapplicable ; Inapplicable ; Inapplicable ; Unchecked ; Inapplicable ; Inapplicable ;
; C_out[21]          ; Inapplicable ; Inapplicable ; Inapplicable ; Inapplicable ; Inapplicable ; Unchecked ; Inapplicable ; Inapplicable ; Unchecked ; Unchecked ; Inapplicable ; Unchecked    ; Inapplicable ; Inapplicable ; Inapplicable ; Inapplicable ; Unchecked    ; Inapplicable ; Inapplicable ; Inapplicable ; Inapplicable ; Pass         ; Inapplicable ; Inapplicable ; Inapplicable ; Inapplicable ; Inapplicable ; Unchecked ; Inapplicable ; Inapplicable ;
; C_out[22]          ; Inapplicable ; Inapplicable ; Inapplicable ; Inapplicable ; Inapplicable ; Unchecked ; Inapplicable ; Inapplicable ; Unchecked ; Unchecked ; Inapplicable ; Unchecked    ; Inapplicable ; Inapplicable ; Inapplicable ; Inapplicable ; Unchecked    ; Inapplicable ; Inapplicable ; Inapplicable ; Inapplicable ; Pass         ; Inapplicable ; Inapplicable ; Inapplicable ; Inapplicable ; Inapplicable ; Unchecked ; Inapplicable ; Inapplicable ;
; C_out[23]          ; Inapplicable ; Inapplicable ; Inapplicable ; Inapplicable ; Inapplicable ; Unchecked ; Inapplicable ; Inapplicable ; Unchecked ; Unchecked ; Inapplicable ; Unchecked    ; Inapplicable ; Inapplicable ; Inapplicable ; Inapplicable ; Unchecked    ; Inapplicable ; Inapplicable ; Inapplicable ; Inapplicable ; Pass         ; Inapplicable ; Inapplicable ; Inapplicable ; Inapplicable ; Inapplicable ; Unchecked ; Inapplicable ; Inapplicable ;
; C_out[24]          ; Inapplicable ; Inapplicable ; Inapplicable ; Inapplicable ; Inapplicable ; Unchecked ; Inapplicable ; Inapplicable ; Unchecked ; Unchecked ; Inapplicable ; Unchecked    ; Inapplicable ; Inapplicable ; Inapplicable ; Inapplicable ; Unchecked    ; Inapplicable ; Inapplicable ; Inapplicable ; Inapplicable ; Pass         ; Inapplicable ; Inapplicable ; Inapplicable ; Inapplicable ; Inapplicable ; Unchecked ; Inapplicable ; Inapplicable ;
; C_out[25]          ; Inapplicable ; Inapplicable ; Inapplicable ; Inapplicable ; Inapplicable ; Unchecked ; Inapplicable ; Inapplicable ; Unchecked ; Unchecked ; Inapplicable ; Unchecked    ; Inapplicable ; Inapplicable ; Inapplicable ; Inapplicable ; Unchecked    ; Inapplicable ; Inapplicable ; Inapplicable ; Inapplicable ; Pass         ; Inapplicable ; Inapplicable ; Inapplicable ; Inapplicable ; Inapplicable ; Unchecked ; Inapplicable ; Inapplicable ;
; C_out[26]          ; Inapplicable ; Inapplicable ; Inapplicable ; Inapplicable ; Inapplicable ; Unchecked ; Inapplicable ; Inapplicable ; Unchecked ; Unchecked ; Inapplicable ; Unchecked    ; Inapplicable ; Inapplicable ; Inapplicable ; Inapplicable ; Unchecked    ; Inapplicable ; Inapplicable ; Inapplicable ; Inapplicable ; Pass         ; Inapplicable ; Inapplicable ; Inapplicable ; Inapplicable ; Inapplicable ; Unchecked ; Inapplicable ; Inapplicable ;
; C_out[27]          ; Inapplicable ; Inapplicable ; Inapplicable ; Inapplicable ; Inapplicable ; Unchecked ; Inapplicable ; Inapplicable ; Unchecked ; Unchecked ; Inapplicable ; Unchecked    ; Inapplicable ; Inapplicable ; Inapplicable ; Inapplicable ; Unchecked    ; Inapplicable ; Inapplicable ; Inapplicable ; Inapplicable ; Pass         ; Inapplicable ; Inapplicable ; Inapplicable ; Inapplicable ; Inapplicable ; Unchecked ; Inapplicable ; Inapplicable ;
; C_out[28]          ; Inapplicable ; Inapplicable ; Inapplicable ; Inapplicable ; Inapplicable ; Unchecked ; Inapplicable ; Inapplicable ; Unchecked ; Unchecked ; Inapplicable ; Unchecked    ; Inapplicable ; Inapplicable ; Inapplicable ; Inapplicable ; Unchecked    ; Inapplicable ; Inapplicable ; Inapplicable ; Inapplicable ; Pass         ; Inapplicable ; Inapplicable ; Inapplicable ; Inapplicable ; Inapplicable ; Unchecked ; Inapplicable ; Inapplicable ;
; C_out[29]          ; Inapplicable ; Inapplicable ; Inapplicable ; Inapplicable ; Inapplicable ; Unchecked ; Inapplicable ; Inapplicable ; Unchecked ; Unchecked ; Inapplicable ; Unchecked    ; Inapplicable ; Inapplicable ; Inapplicable ; Inapplicable ; Unchecked    ; Inapplicable ; Inapplicable ; Inapplicable ; Inapplicable ; Pass         ; Inapplicable ; Inapplicable ; Inapplicable ; Inapplicable ; Inapplicable ; Unchecked ; Inapplicable ; Inapplicable ;
; C_out[30]          ; Inapplicable ; Inapplicable ; Inapplicable ; Inapplicable ; Inapplicable ; Unchecked ; Inapplicable ; Inapplicable ; Unchecked ; Unchecked ; Inapplicable ; Unchecked    ; Inapplicable ; Inapplicable ; Inapplicable ; Inapplicable ; Unchecked    ; Inapplicable ; Inapplicable ; Inapplicable ; Inapplicable ; Pass         ; Inapplicable ; Inapplicable ; Inapplicable ; Inapplicable ; Inapplicable ; Unchecked ; Inapplicable ; Inapplicable ;
; C_out[31]          ; Inapplicable ; Inapplicable ; Inapplicable ; Inapplicable ; Inapplicable ; Unchecked ; Inapplicable ; Inapplicable ; Unchecked ; Unchecked ; Inapplicable ; Unchecked    ; Inapplicable ; Inapplicable ; Inapplicable ; Inapplicable ; Unchecked    ; Inapplicable ; Inapplicable ; Inapplicable ; Inapplicable ; Pass         ; Inapplicable ; Inapplicable ; Inapplicable ; Inapplicable ; Inapplicable ; Unchecked ; Inapplicable ; Inapplicable ;
; D_out[0]           ; Inapplicable ; Inapplicable ; Inapplicable ; Inapplicable ; Inapplicable ; Unchecked ; Inapplicable ; Inapplicable ; Unchecked ; Unchecked ; Inapplicable ; Unchecked    ; Inapplicable ; Inapplicable ; Inapplicable ; Inapplicable ; Unchecked    ; Inapplicable ; Inapplicable ; Inapplicable ; Inapplicable ; Pass         ; Inapplicable ; Inapplicable ; Inapplicable ; Inapplicable ; Inapplicable ; Unchecked ; Inapplicable ; Inapplicable ;
; D_out[1]           ; Inapplicable ; Inapplicable ; Inapplicable ; Inapplicable ; Inapplicable ; Unchecked ; Inapplicable ; Inapplicable ; Unchecked ; Unchecked ; Inapplicable ; Unchecked    ; Inapplicable ; Inapplicable ; Inapplicable ; Inapplicable ; Unchecked    ; Inapplicable ; Inapplicable ; Inapplicable ; Inapplicable ; Pass         ; Inapplicable ; Inapplicable ; Inapplicable ; Inapplicable ; Inapplicable ; Unchecked ; Inapplicable ; Inapplicable ;
; D_out[2]           ; Inapplicable ; Inapplicable ; Inapplicable ; Inapplicable ; Inapplicable ; Unchecked ; Inapplicable ; Inapplicable ; Unchecked ; Unchecked ; Inapplicable ; Unchecked    ; Inapplicable ; Inapplicable ; Inapplicable ; Inapplicable ; Unchecked    ; Inapplicable ; Inapplicable ; Inapplicable ; Inapplicable ; Pass         ; Inapplicable ; Inapplicable ; Inapplicable ; Inapplicable ; Inapplicable ; Unchecked ; Inapplicable ; Inapplicable ;
; D_out[3]           ; Inapplicable ; Inapplicable ; Inapplicable ; Inapplicable ; Inapplicable ; Unchecked ; Inapplicable ; Inapplicable ; Unchecked ; Unchecked ; Inapplicable ; Unchecked    ; Inapplicable ; Inapplicable ; Inapplicable ; Inapplicable ; Unchecked    ; Inapplicable ; Inapplicable ; Inapplicable ; Inapplicable ; Pass         ; Inapplicable ; Inapplicable ; Inapplicable ; Inapplicable ; Inapplicable ; Unchecked ; Inapplicable ; Inapplicable ;
; D_out[4]           ; Inapplicable ; Inapplicable ; Inapplicable ; Inapplicable ; Inapplicable ; Unchecked ; Inapplicable ; Inapplicable ; Unchecked ; Unchecked ; Inapplicable ; Unchecked    ; Inapplicable ; Inapplicable ; Inapplicable ; Inapplicable ; Unchecked    ; Inapplicable ; Inapplicable ; Inapplicable ; Inapplicable ; Pass         ; Inapplicable ; Inapplicable ; Inapplicable ; Inapplicable ; Inapplicable ; Unchecked ; Inapplicable ; Inapplicable ;
; D_out[5]           ; Inapplicable ; Inapplicable ; Inapplicable ; Inapplicable ; Inapplicable ; Unchecked ; Inapplicable ; Inapplicable ; Unchecked ; Unchecked ; Inapplicable ; Unchecked    ; Inapplicable ; Inapplicable ; Inapplicable ; Inapplicable ; Unchecked    ; Inapplicable ; Inapplicable ; Inapplicable ; Inapplicable ; Pass         ; Inapplicable ; Inapplicable ; Inapplicable ; Inapplicable ; Inapplicable ; Unchecked ; Inapplicable ; Inapplicable ;
; D_out[6]           ; Inapplicable ; Inapplicable ; Inapplicable ; Inapplicable ; Inapplicable ; Unchecked ; Inapplicable ; Inapplicable ; Unchecked ; Unchecked ; Inapplicable ; Unchecked    ; Inapplicable ; Inapplicable ; Inapplicable ; Inapplicable ; Unchecked    ; Inapplicable ; Inapplicable ; Inapplicable ; Inapplicable ; Pass         ; Inapplicable ; Inapplicable ; Inapplicable ; Inapplicable ; Inapplicable ; Unchecked ; Inapplicable ; Inapplicable ;
; D_out[7]           ; Inapplicable ; Inapplicable ; Inapplicable ; Inapplicable ; Inapplicable ; Unchecked ; Inapplicable ; Inapplicable ; Unchecked ; Unchecked ; Inapplicable ; Unchecked    ; Inapplicable ; Inapplicable ; Inapplicable ; Inapplicable ; Unchecked    ; Inapplicable ; Inapplicable ; Inapplicable ; Inapplicable ; Pass         ; Inapplicable ; Inapplicable ; Inapplicable ; Inapplicable ; Inapplicable ; Unchecked ; Inapplicable ; Inapplicable ;
; D_out[8]           ; Inapplicable ; Inapplicable ; Inapplicable ; Inapplicable ; Inapplicable ; Unchecked ; Inapplicable ; Inapplicable ; Unchecked ; Unchecked ; Inapplicable ; Unchecked    ; Inapplicable ; Inapplicable ; Inapplicable ; Inapplicable ; Unchecked    ; Inapplicable ; Inapplicable ; Inapplicable ; Inapplicable ; Pass         ; Inapplicable ; Inapplicable ; Inapplicable ; Inapplicable ; Inapplicable ; Unchecked ; Inapplicable ; Inapplicable ;
; D_out[9]           ; Inapplicable ; Inapplicable ; Inapplicable ; Inapplicable ; Inapplicable ; Unchecked ; Inapplicable ; Inapplicable ; Unchecked ; Unchecked ; Inapplicable ; Unchecked    ; Inapplicable ; Inapplicable ; Inapplicable ; Inapplicable ; Unchecked    ; Inapplicable ; Inapplicable ; Inapplicable ; Inapplicable ; Pass         ; Inapplicable ; Inapplicable ; Inapplicable ; Inapplicable ; Inapplicable ; Unchecked ; Inapplicable ; Inapplicable ;
; D_out[10]          ; Inapplicable ; Inapplicable ; Inapplicable ; Inapplicable ; Inapplicable ; Unchecked ; Inapplicable ; Inapplicable ; Unchecked ; Unchecked ; Inapplicable ; Unchecked    ; Inapplicable ; Inapplicable ; Inapplicable ; Inapplicable ; Unchecked    ; Inapplicable ; Inapplicable ; Inapplicable ; Inapplicable ; Pass         ; Inapplicable ; Inapplicable ; Inapplicable ; Inapplicable ; Inapplicable ; Unchecked ; Inapplicable ; Inapplicable ;
; D_out[11]          ; Inapplicable ; Inapplicable ; Inapplicable ; Inapplicable ; Inapplicable ; Unchecked ; Inapplicable ; Inapplicable ; Unchecked ; Unchecked ; Inapplicable ; Unchecked    ; Inapplicable ; Inapplicable ; Inapplicable ; Inapplicable ; Unchecked    ; Inapplicable ; Inapplicable ; Inapplicable ; Inapplicable ; Pass         ; Inapplicable ; Inapplicable ; Inapplicable ; Inapplicable ; Inapplicable ; Unchecked ; Inapplicable ; Inapplicable ;
; D_out[12]          ; Inapplicable ; Inapplicable ; Inapplicable ; Inapplicable ; Inapplicable ; Unchecked ; Inapplicable ; Inapplicable ; Unchecked ; Unchecked ; Inapplicable ; Unchecked    ; Inapplicable ; Inapplicable ; Inapplicable ; Inapplicable ; Unchecked    ; Inapplicable ; Inapplicable ; Inapplicable ; Inapplicable ; Pass         ; Inapplicable ; Inapplicable ; Inapplicable ; Inapplicable ; Inapplicable ; Unchecked ; Inapplicable ; Inapplicable ;
; D_out[13]          ; Inapplicable ; Inapplicable ; Inapplicable ; Inapplicable ; Inapplicable ; Unchecked ; Inapplicable ; Inapplicable ; Unchecked ; Unchecked ; Inapplicable ; Unchecked    ; Inapplicable ; Inapplicable ; Inapplicable ; Inapplicable ; Unchecked    ; Inapplicable ; Inapplicable ; Inapplicable ; Inapplicable ; Pass         ; Inapplicable ; Inapplicable ; Inapplicable ; Inapplicable ; Inapplicable ; Unchecked ; Inapplicable ; Inapplicable ;
; D_out[14]          ; Inapplicable ; Inapplicable ; Inapplicable ; Inapplicable ; Inapplicable ; Unchecked ; Inapplicable ; Inapplicable ; Unchecked ; Unchecked ; Inapplicable ; Unchecked    ; Inapplicable ; Inapplicable ; Inapplicable ; Inapplicable ; Unchecked    ; Inapplicable ; Inapplicable ; Inapplicable ; Inapplicable ; Pass         ; Inapplicable ; Inapplicable ; Inapplicable ; Inapplicable ; Inapplicable ; Unchecked ; Inapplicable ; Inapplicable ;
; D_out[15]          ; Inapplicable ; Inapplicable ; Inapplicable ; Inapplicable ; Inapplicable ; Unchecked ; Inapplicable ; Inapplicable ; Unchecked ; Unchecked ; Inapplicable ; Unchecked    ; Inapplicable ; Inapplicable ; Inapplicable ; Inapplicable ; Unchecked    ; Inapplicable ; Inapplicable ; Inapplicable ; Inapplicable ; Pass         ; Inapplicable ; Inapplicable ; Inapplicable ; Inapplicable ; Inapplicable ; Unchecked ; Inapplicable ; Inapplicable ;
; D_out[16]          ; Inapplicable ; Inapplicable ; Inapplicable ; Inapplicable ; Inapplicable ; Unchecked ; Inapplicable ; Inapplicable ; Unchecked ; Unchecked ; Inapplicable ; Unchecked    ; Inapplicable ; Inapplicable ; Inapplicable ; Inapplicable ; Unchecked    ; Inapplicable ; Inapplicable ; Inapplicable ; Inapplicable ; Pass         ; Inapplicable ; Inapplicable ; Inapplicable ; Inapplicable ; Inapplicable ; Unchecked ; Inapplicable ; Inapplicable ;
; D_out[17]          ; Inapplicable ; Inapplicable ; Inapplicable ; Inapplicable ; Inapplicable ; Unchecked ; Inapplicable ; Inapplicable ; Unchecked ; Unchecked ; Inapplicable ; Unchecked    ; Inapplicable ; Inapplicable ; Inapplicable ; Inapplicable ; Unchecked    ; Inapplicable ; Inapplicable ; Inapplicable ; Inapplicable ; Pass         ; Inapplicable ; Inapplicable ; Inapplicable ; Inapplicable ; Inapplicable ; Unchecked ; Inapplicable ; Inapplicable ;
; D_out[18]          ; Inapplicable ; Inapplicable ; Inapplicable ; Inapplicable ; Inapplicable ; Unchecked ; Inapplicable ; Inapplicable ; Unchecked ; Unchecked ; Inapplicable ; Unchecked    ; Inapplicable ; Inapplicable ; Inapplicable ; Inapplicable ; Unchecked    ; Inapplicable ; Inapplicable ; Inapplicable ; Inapplicable ; Pass         ; Inapplicable ; Inapplicable ; Inapplicable ; Inapplicable ; Inapplicable ; Unchecked ; Inapplicable ; Inapplicable ;
; D_out[19]          ; Inapplicable ; Inapplicable ; Inapplicable ; Inapplicable ; Inapplicable ; Unchecked ; Inapplicable ; Inapplicable ; Unchecked ; Unchecked ; Inapplicable ; Unchecked    ; Inapplicable ; Inapplicable ; Inapplicable ; Inapplicable ; Unchecked    ; Inapplicable ; Inapplicable ; Inapplicable ; Inapplicable ; Pass         ; Inapplicable ; Inapplicable ; Inapplicable ; Inapplicable ; Inapplicable ; Unchecked ; Inapplicable ; Inapplicable ;
; D_out[20]          ; Inapplicable ; Inapplicable ; Inapplicable ; Inapplicable ; Inapplicable ; Unchecked ; Inapplicable ; Inapplicable ; Unchecked ; Unchecked ; Inapplicable ; Unchecked    ; Inapplicable ; Inapplicable ; Inapplicable ; Inapplicable ; Unchecked    ; Inapplicable ; Inapplicable ; Inapplicable ; Inapplicable ; Pass         ; Inapplicable ; Inapplicable ; Inapplicable ; Inapplicable ; Inapplicable ; Unchecked ; Inapplicable ; Inapplicable ;
; D_out[21]          ; Inapplicable ; Inapplicable ; Inapplicable ; Inapplicable ; Inapplicable ; Unchecked ; Inapplicable ; Inapplicable ; Unchecked ; Unchecked ; Inapplicable ; Unchecked    ; Inapplicable ; Inapplicable ; Inapplicable ; Inapplicable ; Unchecked    ; Inapplicable ; Inapplicable ; Inapplicable ; Inapplicable ; Pass         ; Inapplicable ; Inapplicable ; Inapplicable ; Inapplicable ; Inapplicable ; Unchecked ; Inapplicable ; Inapplicable ;
; D_out[22]          ; Inapplicable ; Inapplicable ; Inapplicable ; Inapplicable ; Inapplicable ; Unchecked ; Inapplicable ; Inapplicable ; Unchecked ; Unchecked ; Inapplicable ; Unchecked    ; Inapplicable ; Inapplicable ; Inapplicable ; Inapplicable ; Unchecked    ; Inapplicable ; Inapplicable ; Inapplicable ; Inapplicable ; Pass         ; Inapplicable ; Inapplicable ; Inapplicable ; Inapplicable ; Inapplicable ; Unchecked ; Inapplicable ; Inapplicable ;
; D_out[23]          ; Inapplicable ; Inapplicable ; Inapplicable ; Inapplicable ; Inapplicable ; Unchecked ; Inapplicable ; Inapplicable ; Unchecked ; Unchecked ; Inapplicable ; Unchecked    ; Inapplicable ; Inapplicable ; Inapplicable ; Inapplicable ; Unchecked    ; Inapplicable ; Inapplicable ; Inapplicable ; Inapplicable ; Pass         ; Inapplicable ; Inapplicable ; Inapplicable ; Inapplicable ; Inapplicable ; Unchecked ; Inapplicable ; Inapplicable ;
; D_out[24]          ; Inapplicable ; Inapplicable ; Inapplicable ; Inapplicable ; Inapplicable ; Unchecked ; Inapplicable ; Inapplicable ; Unchecked ; Unchecked ; Inapplicable ; Unchecked    ; Inapplicable ; Inapplicable ; Inapplicable ; Inapplicable ; Unchecked    ; Inapplicable ; Inapplicable ; Inapplicable ; Inapplicable ; Pass         ; Inapplicable ; Inapplicable ; Inapplicable ; Inapplicable ; Inapplicable ; Unchecked ; Inapplicable ; Inapplicable ;
; D_out[25]          ; Inapplicable ; Inapplicable ; Inapplicable ; Inapplicable ; Inapplicable ; Unchecked ; Inapplicable ; Inapplicable ; Unchecked ; Unchecked ; Inapplicable ; Unchecked    ; Inapplicable ; Inapplicable ; Inapplicable ; Inapplicable ; Unchecked    ; Inapplicable ; Inapplicable ; Inapplicable ; Inapplicable ; Pass         ; Inapplicable ; Inapplicable ; Inapplicable ; Inapplicable ; Inapplicable ; Unchecked ; Inapplicable ; Inapplicable ;
; D_out[26]          ; Inapplicable ; Inapplicable ; Inapplicable ; Inapplicable ; Inapplicable ; Unchecked ; Inapplicable ; Inapplicable ; Unchecked ; Unchecked ; Inapplicable ; Unchecked    ; Inapplicable ; Inapplicable ; Inapplicable ; Inapplicable ; Unchecked    ; Inapplicable ; Inapplicable ; Inapplicable ; Inapplicable ; Pass         ; Inapplicable ; Inapplicable ; Inapplicable ; Inapplicable ; Inapplicable ; Unchecked ; Inapplicable ; Inapplicable ;
; D_out[27]          ; Inapplicable ; Inapplicable ; Inapplicable ; Inapplicable ; Inapplicable ; Unchecked ; Inapplicable ; Inapplicable ; Unchecked ; Unchecked ; Inapplicable ; Unchecked    ; Inapplicable ; Inapplicable ; Inapplicable ; Inapplicable ; Unchecked    ; Inapplicable ; Inapplicable ; Inapplicable ; Inapplicable ; Pass         ; Inapplicable ; Inapplicable ; Inapplicable ; Inapplicable ; Inapplicable ; Unchecked ; Inapplicable ; Inapplicable ;
; D_out[28]          ; Inapplicable ; Inapplicable ; Inapplicable ; Inapplicable ; Inapplicable ; Unchecked ; Inapplicable ; Inapplicable ; Unchecked ; Unchecked ; Inapplicable ; Unchecked    ; Inapplicable ; Inapplicable ; Inapplicable ; Inapplicable ; Unchecked    ; Inapplicable ; Inapplicable ; Inapplicable ; Inapplicable ; Pass         ; Inapplicable ; Inapplicable ; Inapplicable ; Inapplicable ; Inapplicable ; Unchecked ; Inapplicable ; Inapplicable ;
; D_out[29]          ; Inapplicable ; Inapplicable ; Inapplicable ; Inapplicable ; Inapplicable ; Unchecked ; Inapplicable ; Inapplicable ; Unchecked ; Unchecked ; Inapplicable ; Unchecked    ; Inapplicable ; Inapplicable ; Inapplicable ; Inapplicable ; Unchecked    ; Inapplicable ; Inapplicable ; Inapplicable ; Inapplicable ; Pass         ; Inapplicable ; Inapplicable ; Inapplicable ; Inapplicable ; Inapplicable ; Unchecked ; Inapplicable ; Inapplicable ;
; D_out[30]          ; Inapplicable ; Inapplicable ; Inapplicable ; Inapplicable ; Inapplicable ; Unchecked ; Inapplicable ; Inapplicable ; Unchecked ; Unchecked ; Inapplicable ; Unchecked    ; Inapplicable ; Inapplicable ; Inapplicable ; Inapplicable ; Unchecked    ; Inapplicable ; Inapplicable ; Inapplicable ; Inapplicable ; Pass         ; Inapplicable ; Inapplicable ; Inapplicable ; Inapplicable ; Inapplicable ; Unchecked ; Inapplicable ; Inapplicable ;
; D_out[31]          ; Inapplicable ; Inapplicable ; Inapplicable ; Inapplicable ; Inapplicable ; Unchecked ; Inapplicable ; Inapplicable ; Unchecked ; Unchecked ; Inapplicable ; Unchecked    ; Inapplicable ; Inapplicable ; Inapplicable ; Inapplicable ; Unchecked    ; Inapplicable ; Inapplicable ; Inapplicable ; Inapplicable ; Pass         ; Inapplicable ; Inapplicable ; Inapplicable ; Inapplicable ; Inapplicable ; Unchecked ; Inapplicable ; Inapplicable ;
; clock              ; Inapplicable ; Inapplicable ; Inapplicable ; Inapplicable ; Inapplicable ; Pass      ; Inapplicable ; Inapplicable ; Pass      ; Pass      ; Inapplicable ; Inapplicable ; Inapplicable ; Inapplicable ; Pass         ; Inapplicable ; Inapplicable ; Pass         ; Inapplicable ; Inapplicable ; Inapplicable ; Inapplicable ; Inapplicable ; Inapplicable ; Inapplicable ; Inapplicable ; Inapplicable ; Pass      ; Inapplicable ; Inapplicable ;
; A[0]               ; Inapplicable ; Inapplicable ; Inapplicable ; Inapplicable ; Inapplicable ; Unchecked ; Inapplicable ; Inapplicable ; Unchecked ; Unchecked ; Inapplicable ; Inapplicable ; Inapplicable ; Inapplicable ; Unchecked    ; Inapplicable ; Inapplicable ; Pass         ; Inapplicable ; Inapplicable ; Inapplicable ; Inapplicable ; Inapplicable ; Inapplicable ; Inapplicable ; Inapplicable ; Inapplicable ; Unchecked ; Inapplicable ; Inapplicable ;
; stop_button        ; Inapplicable ; Inapplicable ; Inapplicable ; Inapplicable ; Inapplicable ; Pass      ; Inapplicable ; Inapplicable ; Pass      ; Pass      ; Inapplicable ; Inapplicable ; Inapplicable ; Inapplicable ; Pass         ; Inapplicable ; Inapplicable ; Pass         ; Inapplicable ; Inapplicable ; Inapplicable ; Inapplicable ; Inapplicable ; Inapplicable ; Inapplicable ; Inapplicable ; Inapplicable ; Pass      ; Inapplicable ; Inapplicable ;
; A[1]               ; Inapplicable ; Inapplicable ; Inapplicable ; Inapplicable ; Inapplicable ; Unchecked ; Inapplicable ; Inapplicable ; Unchecked ; Unchecked ; Inapplicable ; Inapplicable ; Inapplicable ; Inapplicable ; Unchecked    ; Inapplicable ; Inapplicable ; Pass         ; Inapplicable ; Inapplicable ; Inapplicable ; Inapplicable ; Inapplicable ; Inapplicable ; Inapplicable ; Inapplicable ; Inapplicable ; Unchecked ; Inapplicable ; Inapplicable ;
; A[2]               ; Inapplicable ; Inapplicable ; Inapplicable ; Inapplicable ; Inapplicable ; Unchecked ; Inapplicable ; Inapplicable ; Unchecked ; Unchecked ; Inapplicable ; Inapplicable ; Inapplicable ; Inapplicable ; Unchecked    ; Inapplicable ; Inapplicable ; Pass         ; Inapplicable ; Inapplicable ; Inapplicable ; Inapplicable ; Inapplicable ; Inapplicable ; Inapplicable ; Inapplicable ; Inapplicable ; Unchecked ; Inapplicable ; Inapplicable ;
; A[3]               ; Inapplicable ; Inapplicable ; Inapplicable ; Inapplicable ; Inapplicable ; Unchecked ; Inapplicable ; Inapplicable ; Unchecked ; Unchecked ; Inapplicable ; Inapplicable ; Inapplicable ; Inapplicable ; Unchecked    ; Inapplicable ; Inapplicable ; Pass         ; Inapplicable ; Inapplicable ; Inapplicable ; Inapplicable ; Inapplicable ; Inapplicable ; Inapplicable ; Inapplicable ; Inapplicable ; Unchecked ; Inapplicable ; Inapplicable ;
; A[4]               ; Inapplicable ; Inapplicable ; Inapplicable ; Inapplicable ; Inapplicable ; Unchecked ; Inapplicable ; Inapplicable ; Unchecked ; Unchecked ; Inapplicable ; Inapplicable ; Inapplicable ; Inapplicable ; Unchecked    ; Inapplicable ; Inapplicable ; Pass         ; Inapplicable ; Inapplicable ; Inapplicable ; Inapplicable ; Inapplicable ; Inapplicable ; Inapplicable ; Inapplicable ; Inapplicable ; Unchecked ; Inapplicable ; Inapplicable ;
; A[5]               ; Inapplicable ; Inapplicable ; Inapplicable ; Inapplicable ; Inapplicable ; Unchecked ; Inapplicable ; Inapplicable ; Unchecked ; Unchecked ; Inapplicable ; Inapplicable ; Inapplicable ; Inapplicable ; Unchecked    ; Inapplicable ; Inapplicable ; Pass         ; Inapplicable ; Inapplicable ; Inapplicable ; Inapplicable ; Inapplicable ; Inapplicable ; Inapplicable ; Inapplicable ; Inapplicable ; Unchecked ; Inapplicable ; Inapplicable ;
; A[6]               ; Inapplicable ; Inapplicable ; Inapplicable ; Inapplicable ; Inapplicable ; Unchecked ; Inapplicable ; Inapplicable ; Unchecked ; Unchecked ; Inapplicable ; Inapplicable ; Inapplicable ; Inapplicable ; Unchecked    ; Inapplicable ; Inapplicable ; Pass         ; Inapplicable ; Inapplicable ; Inapplicable ; Inapplicable ; Inapplicable ; Inapplicable ; Inapplicable ; Inapplicable ; Inapplicable ; Unchecked ; Inapplicable ; Inapplicable ;
; A[7]               ; Inapplicable ; Inapplicable ; Inapplicable ; Inapplicable ; Inapplicable ; Unchecked ; Inapplicable ; Inapplicable ; Unchecked ; Unchecked ; Inapplicable ; Inapplicable ; Inapplicable ; Inapplicable ; Unchecked    ; Inapplicable ; Inapplicable ; Pass         ; Inapplicable ; Inapplicable ; Inapplicable ; Inapplicable ; Inapplicable ; Inapplicable ; Inapplicable ; Inapplicable ; Inapplicable ; Unchecked ; Inapplicable ; Inapplicable ;
; A[8]               ; Inapplicable ; Inapplicable ; Inapplicable ; Inapplicable ; Inapplicable ; Unchecked ; Inapplicable ; Inapplicable ; Unchecked ; Unchecked ; Inapplicable ; Inapplicable ; Inapplicable ; Inapplicable ; Unchecked    ; Inapplicable ; Inapplicable ; Pass         ; Inapplicable ; Inapplicable ; Inapplicable ; Inapplicable ; Inapplicable ; Inapplicable ; Inapplicable ; Inapplicable ; Inapplicable ; Unchecked ; Inapplicable ; Inapplicable ;
; A[9]               ; Inapplicable ; Inapplicable ; Inapplicable ; Inapplicable ; Inapplicable ; Unchecked ; Inapplicable ; Inapplicable ; Unchecked ; Unchecked ; Inapplicable ; Inapplicable ; Inapplicable ; Inapplicable ; Unchecked    ; Inapplicable ; Inapplicable ; Pass         ; Inapplicable ; Inapplicable ; Inapplicable ; Inapplicable ; Inapplicable ; Inapplicable ; Inapplicable ; Inapplicable ; Inapplicable ; Unchecked ; Inapplicable ; Inapplicable ;
; A[10]              ; Inapplicable ; Inapplicable ; Inapplicable ; Inapplicable ; Inapplicable ; Unchecked ; Inapplicable ; Inapplicable ; Unchecked ; Unchecked ; Inapplicable ; Inapplicable ; Inapplicable ; Inapplicable ; Unchecked    ; Inapplicable ; Inapplicable ; Pass         ; Inapplicable ; Inapplicable ; Inapplicable ; Inapplicable ; Inapplicable ; Inapplicable ; Inapplicable ; Inapplicable ; Inapplicable ; Unchecked ; Inapplicable ; Inapplicable ;
; A[11]              ; Inapplicable ; Inapplicable ; Inapplicable ; Inapplicable ; Inapplicable ; Unchecked ; Inapplicable ; Inapplicable ; Unchecked ; Unchecked ; Inapplicable ; Inapplicable ; Inapplicable ; Inapplicable ; Unchecked    ; Inapplicable ; Inapplicable ; Pass         ; Inapplicable ; Inapplicable ; Inapplicable ; Inapplicable ; Inapplicable ; Inapplicable ; Inapplicable ; Inapplicable ; Inapplicable ; Unchecked ; Inapplicable ; Inapplicable ;
; A[12]              ; Inapplicable ; Inapplicable ; Inapplicable ; Inapplicable ; Inapplicable ; Unchecked ; Inapplicable ; Inapplicable ; Unchecked ; Unchecked ; Inapplicable ; Inapplicable ; Inapplicable ; Inapplicable ; Unchecked    ; Inapplicable ; Inapplicable ; Pass         ; Inapplicable ; Inapplicable ; Inapplicable ; Inapplicable ; Inapplicable ; Inapplicable ; Inapplicable ; Inapplicable ; Inapplicable ; Unchecked ; Inapplicable ; Inapplicable ;
; A[13]              ; Inapplicable ; Inapplicable ; Inapplicable ; Inapplicable ; Inapplicable ; Unchecked ; Inapplicable ; Inapplicable ; Unchecked ; Unchecked ; Inapplicable ; Inapplicable ; Inapplicable ; Inapplicable ; Unchecked    ; Inapplicable ; Inapplicable ; Pass         ; Inapplicable ; Inapplicable ; Inapplicable ; Inapplicable ; Inapplicable ; Inapplicable ; Inapplicable ; Inapplicable ; Inapplicable ; Unchecked ; Inapplicable ; Inapplicable ;
; A[14]              ; Inapplicable ; Inapplicable ; Inapplicable ; Inapplicable ; Inapplicable ; Unchecked ; Inapplicable ; Inapplicable ; Unchecked ; Unchecked ; Inapplicable ; Inapplicable ; Inapplicable ; Inapplicable ; Unchecked    ; Inapplicable ; Inapplicable ; Pass         ; Inapplicable ; Inapplicable ; Inapplicable ; Inapplicable ; Inapplicable ; Inapplicable ; Inapplicable ; Inapplicable ; Inapplicable ; Unchecked ; Inapplicable ; Inapplicable ;
; A[15]              ; Inapplicable ; Inapplicable ; Inapplicable ; Inapplicable ; Inapplicable ; Unchecked ; Inapplicable ; Inapplicable ; Unchecked ; Unchecked ; Inapplicable ; Inapplicable ; Inapplicable ; Inapplicable ; Unchecked    ; Inapplicable ; Inapplicable ; Pass         ; Inapplicable ; Inapplicable ; Inapplicable ; Inapplicable ; Inapplicable ; Inapplicable ; Inapplicable ; Inapplicable ; Inapplicable ; Unchecked ; Inapplicable ; Inapplicable ;
; A[16]              ; Inapplicable ; Inapplicable ; Inapplicable ; Inapplicable ; Inapplicable ; Unchecked ; Inapplicable ; Inapplicable ; Unchecked ; Unchecked ; Inapplicable ; Inapplicable ; Inapplicable ; Inapplicable ; Unchecked    ; Inapplicable ; Inapplicable ; Pass         ; Inapplicable ; Inapplicable ; Inapplicable ; Inapplicable ; Inapplicable ; Inapplicable ; Inapplicable ; Inapplicable ; Inapplicable ; Unchecked ; Inapplicable ; Inapplicable ;
; A[17]              ; Inapplicable ; Inapplicable ; Inapplicable ; Inapplicable ; Inapplicable ; Unchecked ; Inapplicable ; Inapplicable ; Unchecked ; Unchecked ; Inapplicable ; Inapplicable ; Inapplicable ; Inapplicable ; Unchecked    ; Inapplicable ; Inapplicable ; Pass         ; Inapplicable ; Inapplicable ; Inapplicable ; Inapplicable ; Inapplicable ; Inapplicable ; Inapplicable ; Inapplicable ; Inapplicable ; Unchecked ; Inapplicable ; Inapplicable ;
; A[18]              ; Inapplicable ; Inapplicable ; Inapplicable ; Inapplicable ; Inapplicable ; Unchecked ; Inapplicable ; Inapplicable ; Unchecked ; Unchecked ; Inapplicable ; Inapplicable ; Inapplicable ; Inapplicable ; Unchecked    ; Inapplicable ; Inapplicable ; Pass         ; Inapplicable ; Inapplicable ; Inapplicable ; Inapplicable ; Inapplicable ; Inapplicable ; Inapplicable ; Inapplicable ; Inapplicable ; Unchecked ; Inapplicable ; Inapplicable ;
; A[19]              ; Inapplicable ; Inapplicable ; Inapplicable ; Inapplicable ; Inapplicable ; Unchecked ; Inapplicable ; Inapplicable ; Unchecked ; Unchecked ; Inapplicable ; Inapplicable ; Inapplicable ; Inapplicable ; Unchecked    ; Inapplicable ; Inapplicable ; Pass         ; Inapplicable ; Inapplicable ; Inapplicable ; Inapplicable ; Inapplicable ; Inapplicable ; Inapplicable ; Inapplicable ; Inapplicable ; Unchecked ; Inapplicable ; Inapplicable ;
; A[20]              ; Inapplicable ; Inapplicable ; Inapplicable ; Inapplicable ; Inapplicable ; Unchecked ; Inapplicable ; Inapplicable ; Unchecked ; Unchecked ; Inapplicable ; Inapplicable ; Inapplicable ; Inapplicable ; Unchecked    ; Inapplicable ; Inapplicable ; Pass         ; Inapplicable ; Inapplicable ; Inapplicable ; Inapplicable ; Inapplicable ; Inapplicable ; Inapplicable ; Inapplicable ; Inapplicable ; Unchecked ; Inapplicable ; Inapplicable ;
; A[21]              ; Inapplicable ; Inapplicable ; Inapplicable ; Inapplicable ; Inapplicable ; Unchecked ; Inapplicable ; Inapplicable ; Unchecked ; Unchecked ; Inapplicable ; Inapplicable ; Inapplicable ; Inapplicable ; Unchecked    ; Inapplicable ; Inapplicable ; Pass         ; Inapplicable ; Inapplicable ; Inapplicable ; Inapplicable ; Inapplicable ; Inapplicable ; Inapplicable ; Inapplicable ; Inapplicable ; Unchecked ; Inapplicable ; Inapplicable ;
; A[22]              ; Inapplicable ; Inapplicable ; Inapplicable ; Inapplicable ; Inapplicable ; Unchecked ; Inapplicable ; Inapplicable ; Unchecked ; Unchecked ; Inapplicable ; Inapplicable ; Inapplicable ; Inapplicable ; Unchecked    ; Inapplicable ; Inapplicable ; Pass         ; Inapplicable ; Inapplicable ; Inapplicable ; Inapplicable ; Inapplicable ; Inapplicable ; Inapplicable ; Inapplicable ; Inapplicable ; Unchecked ; Inapplicable ; Inapplicable ;
; A[23]              ; Inapplicable ; Inapplicable ; Inapplicable ; Inapplicable ; Inapplicable ; Unchecked ; Inapplicable ; Inapplicable ; Unchecked ; Unchecked ; Inapplicable ; Inapplicable ; Inapplicable ; Inapplicable ; Unchecked    ; Inapplicable ; Inapplicable ; Pass         ; Inapplicable ; Inapplicable ; Inapplicable ; Inapplicable ; Inapplicable ; Inapplicable ; Inapplicable ; Inapplicable ; Inapplicable ; Unchecked ; Inapplicable ; Inapplicable ;
; A[24]              ; Inapplicable ; Inapplicable ; Inapplicable ; Inapplicable ; Inapplicable ; Unchecked ; Inapplicable ; Inapplicable ; Unchecked ; Unchecked ; Inapplicable ; Inapplicable ; Inapplicable ; Inapplicable ; Unchecked    ; Inapplicable ; Inapplicable ; Pass         ; Inapplicable ; Inapplicable ; Inapplicable ; Inapplicable ; Inapplicable ; Inapplicable ; Inapplicable ; Inapplicable ; Inapplicable ; Unchecked ; Inapplicable ; Inapplicable ;
; A[25]              ; Inapplicable ; Inapplicable ; Inapplicable ; Inapplicable ; Inapplicable ; Unchecked ; Inapplicable ; Inapplicable ; Unchecked ; Unchecked ; Inapplicable ; Inapplicable ; Inapplicable ; Inapplicable ; Unchecked    ; Inapplicable ; Inapplicable ; Pass         ; Inapplicable ; Inapplicable ; Inapplicable ; Inapplicable ; Inapplicable ; Inapplicable ; Inapplicable ; Inapplicable ; Inapplicable ; Unchecked ; Inapplicable ; Inapplicable ;
; A[26]              ; Inapplicable ; Inapplicable ; Inapplicable ; Inapplicable ; Inapplicable ; Unchecked ; Inapplicable ; Inapplicable ; Unchecked ; Unchecked ; Inapplicable ; Inapplicable ; Inapplicable ; Inapplicable ; Unchecked    ; Inapplicable ; Inapplicable ; Pass         ; Inapplicable ; Inapplicable ; Inapplicable ; Inapplicable ; Inapplicable ; Inapplicable ; Inapplicable ; Inapplicable ; Inapplicable ; Unchecked ; Inapplicable ; Inapplicable ;
; A[27]              ; Inapplicable ; Inapplicable ; Inapplicable ; Inapplicable ; Inapplicable ; Unchecked ; Inapplicable ; Inapplicable ; Unchecked ; Unchecked ; Inapplicable ; Inapplicable ; Inapplicable ; Inapplicable ; Unchecked    ; Inapplicable ; Inapplicable ; Pass         ; Inapplicable ; Inapplicable ; Inapplicable ; Inapplicable ; Inapplicable ; Inapplicable ; Inapplicable ; Inapplicable ; Inapplicable ; Unchecked ; Inapplicable ; Inapplicable ;
; A[28]              ; Inapplicable ; Inapplicable ; Inapplicable ; Inapplicable ; Inapplicable ; Unchecked ; Inapplicable ; Inapplicable ; Unchecked ; Unchecked ; Inapplicable ; Inapplicable ; Inapplicable ; Inapplicable ; Unchecked    ; Inapplicable ; Inapplicable ; Pass         ; Inapplicable ; Inapplicable ; Inapplicable ; Inapplicable ; Inapplicable ; Inapplicable ; Inapplicable ; Inapplicable ; Inapplicable ; Unchecked ; Inapplicable ; Inapplicable ;
; A[29]              ; Inapplicable ; Inapplicable ; Inapplicable ; Inapplicable ; Inapplicable ; Unchecked ; Inapplicable ; Inapplicable ; Unchecked ; Unchecked ; Inapplicable ; Inapplicable ; Inapplicable ; Inapplicable ; Unchecked    ; Inapplicable ; Inapplicable ; Pass         ; Inapplicable ; Inapplicable ; Inapplicable ; Inapplicable ; Inapplicable ; Inapplicable ; Inapplicable ; Inapplicable ; Inapplicable ; Unchecked ; Inapplicable ; Inapplicable ;
; A[30]              ; Inapplicable ; Inapplicable ; Inapplicable ; Inapplicable ; Inapplicable ; Unchecked ; Inapplicable ; Inapplicable ; Unchecked ; Unchecked ; Inapplicable ; Inapplicable ; Inapplicable ; Inapplicable ; Unchecked    ; Inapplicable ; Inapplicable ; Pass         ; Inapplicable ; Inapplicable ; Inapplicable ; Inapplicable ; Inapplicable ; Inapplicable ; Inapplicable ; Inapplicable ; Inapplicable ; Unchecked ; Inapplicable ; Inapplicable ;
; A[31]              ; Inapplicable ; Inapplicable ; Inapplicable ; Inapplicable ; Inapplicable ; Unchecked ; Inapplicable ; Inapplicable ; Unchecked ; Unchecked ; Inapplicable ; Inapplicable ; Inapplicable ; Inapplicable ; Unchecked    ; Inapplicable ; Inapplicable ; Pass         ; Inapplicable ; Inapplicable ; Inapplicable ; Inapplicable ; Inapplicable ; Inapplicable ; Inapplicable ; Inapplicable ; Inapplicable ; Unchecked ; Inapplicable ; Inapplicable ;
; B[0]               ; Inapplicable ; Inapplicable ; Inapplicable ; Inapplicable ; Inapplicable ; Unchecked ; Inapplicable ; Inapplicable ; Unchecked ; Unchecked ; Inapplicable ; Inapplicable ; Inapplicable ; Inapplicable ; Unchecked    ; Inapplicable ; Inapplicable ; Pass         ; Inapplicable ; Inapplicable ; Inapplicable ; Inapplicable ; Inapplicable ; Inapplicable ; Inapplicable ; Inapplicable ; Inapplicable ; Unchecked ; Inapplicable ; Inapplicable ;
; B[1]               ; Inapplicable ; Inapplicable ; Inapplicable ; Inapplicable ; Inapplicable ; Unchecked ; Inapplicable ; Inapplicable ; Unchecked ; Unchecked ; Inapplicable ; Inapplicable ; Inapplicable ; Inapplicable ; Unchecked    ; Inapplicable ; Inapplicable ; Pass         ; Inapplicable ; Inapplicable ; Inapplicable ; Inapplicable ; Inapplicable ; Inapplicable ; Inapplicable ; Inapplicable ; Inapplicable ; Unchecked ; Inapplicable ; Inapplicable ;
; B[2]               ; Inapplicable ; Inapplicable ; Inapplicable ; Inapplicable ; Inapplicable ; Unchecked ; Inapplicable ; Inapplicable ; Unchecked ; Unchecked ; Inapplicable ; Inapplicable ; Inapplicable ; Inapplicable ; Unchecked    ; Inapplicable ; Inapplicable ; Pass         ; Inapplicable ; Inapplicable ; Inapplicable ; Inapplicable ; Inapplicable ; Inapplicable ; Inapplicable ; Inapplicable ; Inapplicable ; Unchecked ; Inapplicable ; Inapplicable ;
; B[3]               ; Inapplicable ; Inapplicable ; Inapplicable ; Inapplicable ; Inapplicable ; Unchecked ; Inapplicable ; Inapplicable ; Unchecked ; Unchecked ; Inapplicable ; Inapplicable ; Inapplicable ; Inapplicable ; Unchecked    ; Inapplicable ; Inapplicable ; Pass         ; Inapplicable ; Inapplicable ; Inapplicable ; Inapplicable ; Inapplicable ; Inapplicable ; Inapplicable ; Inapplicable ; Inapplicable ; Unchecked ; Inapplicable ; Inapplicable ;
; B[4]               ; Inapplicable ; Inapplicable ; Inapplicable ; Inapplicable ; Inapplicable ; Unchecked ; Inapplicable ; Inapplicable ; Unchecked ; Unchecked ; Inapplicable ; Inapplicable ; Inapplicable ; Inapplicable ; Unchecked    ; Inapplicable ; Inapplicable ; Pass         ; Inapplicable ; Inapplicable ; Inapplicable ; Inapplicable ; Inapplicable ; Inapplicable ; Inapplicable ; Inapplicable ; Inapplicable ; Unchecked ; Inapplicable ; Inapplicable ;
; B[5]               ; Inapplicable ; Inapplicable ; Inapplicable ; Inapplicable ; Inapplicable ; Unchecked ; Inapplicable ; Inapplicable ; Unchecked ; Unchecked ; Inapplicable ; Inapplicable ; Inapplicable ; Inapplicable ; Unchecked    ; Inapplicable ; Inapplicable ; Pass         ; Inapplicable ; Inapplicable ; Inapplicable ; Inapplicable ; Inapplicable ; Inapplicable ; Inapplicable ; Inapplicable ; Inapplicable ; Unchecked ; Inapplicable ; Inapplicable ;
; B[6]               ; Inapplicable ; Inapplicable ; Inapplicable ; Inapplicable ; Inapplicable ; Unchecked ; Inapplicable ; Inapplicable ; Unchecked ; Unchecked ; Inapplicable ; Inapplicable ; Inapplicable ; Inapplicable ; Unchecked    ; Inapplicable ; Inapplicable ; Pass         ; Inapplicable ; Inapplicable ; Inapplicable ; Inapplicable ; Inapplicable ; Inapplicable ; Inapplicable ; Inapplicable ; Inapplicable ; Unchecked ; Inapplicable ; Inapplicable ;
; B[7]               ; Inapplicable ; Inapplicable ; Inapplicable ; Inapplicable ; Inapplicable ; Unchecked ; Inapplicable ; Inapplicable ; Unchecked ; Unchecked ; Inapplicable ; Inapplicable ; Inapplicable ; Inapplicable ; Unchecked    ; Inapplicable ; Inapplicable ; Pass         ; Inapplicable ; Inapplicable ; Inapplicable ; Inapplicable ; Inapplicable ; Inapplicable ; Inapplicable ; Inapplicable ; Inapplicable ; Unchecked ; Inapplicable ; Inapplicable ;
; B[8]               ; Inapplicable ; Inapplicable ; Inapplicable ; Inapplicable ; Inapplicable ; Unchecked ; Inapplicable ; Inapplicable ; Unchecked ; Unchecked ; Inapplicable ; Inapplicable ; Inapplicable ; Inapplicable ; Unchecked    ; Inapplicable ; Inapplicable ; Pass         ; Inapplicable ; Inapplicable ; Inapplicable ; Inapplicable ; Inapplicable ; Inapplicable ; Inapplicable ; Inapplicable ; Inapplicable ; Unchecked ; Inapplicable ; Inapplicable ;
; B[9]               ; Inapplicable ; Inapplicable ; Inapplicable ; Inapplicable ; Inapplicable ; Unchecked ; Inapplicable ; Inapplicable ; Unchecked ; Unchecked ; Inapplicable ; Inapplicable ; Inapplicable ; Inapplicable ; Unchecked    ; Inapplicable ; Inapplicable ; Pass         ; Inapplicable ; Inapplicable ; Inapplicable ; Inapplicable ; Inapplicable ; Inapplicable ; Inapplicable ; Inapplicable ; Inapplicable ; Unchecked ; Inapplicable ; Inapplicable ;
; B[10]              ; Inapplicable ; Inapplicable ; Inapplicable ; Inapplicable ; Inapplicable ; Unchecked ; Inapplicable ; Inapplicable ; Unchecked ; Unchecked ; Inapplicable ; Inapplicable ; Inapplicable ; Inapplicable ; Unchecked    ; Inapplicable ; Inapplicable ; Pass         ; Inapplicable ; Inapplicable ; Inapplicable ; Inapplicable ; Inapplicable ; Inapplicable ; Inapplicable ; Inapplicable ; Inapplicable ; Unchecked ; Inapplicable ; Inapplicable ;
; B[11]              ; Inapplicable ; Inapplicable ; Inapplicable ; Inapplicable ; Inapplicable ; Unchecked ; Inapplicable ; Inapplicable ; Unchecked ; Unchecked ; Inapplicable ; Inapplicable ; Inapplicable ; Inapplicable ; Unchecked    ; Inapplicable ; Inapplicable ; Pass         ; Inapplicable ; Inapplicable ; Inapplicable ; Inapplicable ; Inapplicable ; Inapplicable ; Inapplicable ; Inapplicable ; Inapplicable ; Unchecked ; Inapplicable ; Inapplicable ;
; B[12]              ; Inapplicable ; Inapplicable ; Inapplicable ; Inapplicable ; Inapplicable ; Unchecked ; Inapplicable ; Inapplicable ; Unchecked ; Unchecked ; Inapplicable ; Inapplicable ; Inapplicable ; Inapplicable ; Unchecked    ; Inapplicable ; Inapplicable ; Pass         ; Inapplicable ; Inapplicable ; Inapplicable ; Inapplicable ; Inapplicable ; Inapplicable ; Inapplicable ; Inapplicable ; Inapplicable ; Unchecked ; Inapplicable ; Inapplicable ;
; B[13]              ; Inapplicable ; Inapplicable ; Inapplicable ; Inapplicable ; Inapplicable ; Unchecked ; Inapplicable ; Inapplicable ; Unchecked ; Unchecked ; Inapplicable ; Inapplicable ; Inapplicable ; Inapplicable ; Unchecked    ; Inapplicable ; Inapplicable ; Pass         ; Inapplicable ; Inapplicable ; Inapplicable ; Inapplicable ; Inapplicable ; Inapplicable ; Inapplicable ; Inapplicable ; Inapplicable ; Unchecked ; Inapplicable ; Inapplicable ;
; B[14]              ; Inapplicable ; Inapplicable ; Inapplicable ; Inapplicable ; Inapplicable ; Unchecked ; Inapplicable ; Inapplicable ; Unchecked ; Unchecked ; Inapplicable ; Inapplicable ; Inapplicable ; Inapplicable ; Unchecked    ; Inapplicable ; Inapplicable ; Pass         ; Inapplicable ; Inapplicable ; Inapplicable ; Inapplicable ; Inapplicable ; Inapplicable ; Inapplicable ; Inapplicable ; Inapplicable ; Unchecked ; Inapplicable ; Inapplicable ;
; B[15]              ; Inapplicable ; Inapplicable ; Inapplicable ; Inapplicable ; Inapplicable ; Unchecked ; Inapplicable ; Inapplicable ; Unchecked ; Unchecked ; Inapplicable ; Inapplicable ; Inapplicable ; Inapplicable ; Unchecked    ; Inapplicable ; Inapplicable ; Pass         ; Inapplicable ; Inapplicable ; Inapplicable ; Inapplicable ; Inapplicable ; Inapplicable ; Inapplicable ; Inapplicable ; Inapplicable ; Unchecked ; Inapplicable ; Inapplicable ;
; B[16]              ; Inapplicable ; Inapplicable ; Inapplicable ; Inapplicable ; Inapplicable ; Unchecked ; Inapplicable ; Inapplicable ; Unchecked ; Unchecked ; Inapplicable ; Inapplicable ; Inapplicable ; Inapplicable ; Unchecked    ; Inapplicable ; Inapplicable ; Pass         ; Inapplicable ; Inapplicable ; Inapplicable ; Inapplicable ; Inapplicable ; Inapplicable ; Inapplicable ; Inapplicable ; Inapplicable ; Unchecked ; Inapplicable ; Inapplicable ;
; B[17]              ; Inapplicable ; Inapplicable ; Inapplicable ; Inapplicable ; Inapplicable ; Unchecked ; Inapplicable ; Inapplicable ; Unchecked ; Unchecked ; Inapplicable ; Inapplicable ; Inapplicable ; Inapplicable ; Unchecked    ; Inapplicable ; Inapplicable ; Pass         ; Inapplicable ; Inapplicable ; Inapplicable ; Inapplicable ; Inapplicable ; Inapplicable ; Inapplicable ; Inapplicable ; Inapplicable ; Unchecked ; Inapplicable ; Inapplicable ;
; B[18]              ; Inapplicable ; Inapplicable ; Inapplicable ; Inapplicable ; Inapplicable ; Unchecked ; Inapplicable ; Inapplicable ; Unchecked ; Unchecked ; Inapplicable ; Inapplicable ; Inapplicable ; Inapplicable ; Unchecked    ; Inapplicable ; Inapplicable ; Pass         ; Inapplicable ; Inapplicable ; Inapplicable ; Inapplicable ; Inapplicable ; Inapplicable ; Inapplicable ; Inapplicable ; Inapplicable ; Unchecked ; Inapplicable ; Inapplicable ;
; B[19]              ; Inapplicable ; Inapplicable ; Inapplicable ; Inapplicable ; Inapplicable ; Unchecked ; Inapplicable ; Inapplicable ; Unchecked ; Unchecked ; Inapplicable ; Inapplicable ; Inapplicable ; Inapplicable ; Unchecked    ; Inapplicable ; Inapplicable ; Pass         ; Inapplicable ; Inapplicable ; Inapplicable ; Inapplicable ; Inapplicable ; Inapplicable ; Inapplicable ; Inapplicable ; Inapplicable ; Unchecked ; Inapplicable ; Inapplicable ;
; B[20]              ; Inapplicable ; Inapplicable ; Inapplicable ; Inapplicable ; Inapplicable ; Unchecked ; Inapplicable ; Inapplicable ; Unchecked ; Unchecked ; Inapplicable ; Inapplicable ; Inapplicable ; Inapplicable ; Unchecked    ; Inapplicable ; Inapplicable ; Pass         ; Inapplicable ; Inapplicable ; Inapplicable ; Inapplicable ; Inapplicable ; Inapplicable ; Inapplicable ; Inapplicable ; Inapplicable ; Unchecked ; Inapplicable ; Inapplicable ;
; B[21]              ; Inapplicable ; Inapplicable ; Inapplicable ; Inapplicable ; Inapplicable ; Unchecked ; Inapplicable ; Inapplicable ; Unchecked ; Unchecked ; Inapplicable ; Inapplicable ; Inapplicable ; Inapplicable ; Unchecked    ; Inapplicable ; Inapplicable ; Pass         ; Inapplicable ; Inapplicable ; Inapplicable ; Inapplicable ; Inapplicable ; Inapplicable ; Inapplicable ; Inapplicable ; Inapplicable ; Unchecked ; Inapplicable ; Inapplicable ;
; B[22]              ; Inapplicable ; Inapplicable ; Inapplicable ; Inapplicable ; Inapplicable ; Unchecked ; Inapplicable ; Inapplicable ; Unchecked ; Unchecked ; Inapplicable ; Inapplicable ; Inapplicable ; Inapplicable ; Unchecked    ; Inapplicable ; Inapplicable ; Pass         ; Inapplicable ; Inapplicable ; Inapplicable ; Inapplicable ; Inapplicable ; Inapplicable ; Inapplicable ; Inapplicable ; Inapplicable ; Unchecked ; Inapplicable ; Inapplicable ;
; B[23]              ; Inapplicable ; Inapplicable ; Inapplicable ; Inapplicable ; Inapplicable ; Unchecked ; Inapplicable ; Inapplicable ; Unchecked ; Unchecked ; Inapplicable ; Inapplicable ; Inapplicable ; Inapplicable ; Unchecked    ; Inapplicable ; Inapplicable ; Pass         ; Inapplicable ; Inapplicable ; Inapplicable ; Inapplicable ; Inapplicable ; Inapplicable ; Inapplicable ; Inapplicable ; Inapplicable ; Unchecked ; Inapplicable ; Inapplicable ;
; B[24]              ; Inapplicable ; Inapplicable ; Inapplicable ; Inapplicable ; Inapplicable ; Unchecked ; Inapplicable ; Inapplicable ; Unchecked ; Unchecked ; Inapplicable ; Inapplicable ; Inapplicable ; Inapplicable ; Unchecked    ; Inapplicable ; Inapplicable ; Pass         ; Inapplicable ; Inapplicable ; Inapplicable ; Inapplicable ; Inapplicable ; Inapplicable ; Inapplicable ; Inapplicable ; Inapplicable ; Unchecked ; Inapplicable ; Inapplicable ;
; B[25]              ; Inapplicable ; Inapplicable ; Inapplicable ; Inapplicable ; Inapplicable ; Unchecked ; Inapplicable ; Inapplicable ; Unchecked ; Unchecked ; Inapplicable ; Inapplicable ; Inapplicable ; Inapplicable ; Unchecked    ; Inapplicable ; Inapplicable ; Pass         ; Inapplicable ; Inapplicable ; Inapplicable ; Inapplicable ; Inapplicable ; Inapplicable ; Inapplicable ; Inapplicable ; Inapplicable ; Unchecked ; Inapplicable ; Inapplicable ;
; B[26]              ; Inapplicable ; Inapplicable ; Inapplicable ; Inapplicable ; Inapplicable ; Unchecked ; Inapplicable ; Inapplicable ; Unchecked ; Unchecked ; Inapplicable ; Inapplicable ; Inapplicable ; Inapplicable ; Unchecked    ; Inapplicable ; Inapplicable ; Pass         ; Inapplicable ; Inapplicable ; Inapplicable ; Inapplicable ; Inapplicable ; Inapplicable ; Inapplicable ; Inapplicable ; Inapplicable ; Unchecked ; Inapplicable ; Inapplicable ;
; B[27]              ; Inapplicable ; Inapplicable ; Inapplicable ; Inapplicable ; Inapplicable ; Unchecked ; Inapplicable ; Inapplicable ; Unchecked ; Unchecked ; Inapplicable ; Inapplicable ; Inapplicable ; Inapplicable ; Unchecked    ; Inapplicable ; Inapplicable ; Pass         ; Inapplicable ; Inapplicable ; Inapplicable ; Inapplicable ; Inapplicable ; Inapplicable ; Inapplicable ; Inapplicable ; Inapplicable ; Unchecked ; Inapplicable ; Inapplicable ;
; B[28]              ; Inapplicable ; Inapplicable ; Inapplicable ; Inapplicable ; Inapplicable ; Unchecked ; Inapplicable ; Inapplicable ; Unchecked ; Unchecked ; Inapplicable ; Inapplicable ; Inapplicable ; Inapplicable ; Unchecked    ; Inapplicable ; Inapplicable ; Pass         ; Inapplicable ; Inapplicable ; Inapplicable ; Inapplicable ; Inapplicable ; Inapplicable ; Inapplicable ; Inapplicable ; Inapplicable ; Unchecked ; Inapplicable ; Inapplicable ;
; B[29]              ; Inapplicable ; Inapplicable ; Inapplicable ; Inapplicable ; Inapplicable ; Unchecked ; Inapplicable ; Inapplicable ; Unchecked ; Unchecked ; Inapplicable ; Inapplicable ; Inapplicable ; Inapplicable ; Unchecked    ; Inapplicable ; Inapplicable ; Pass         ; Inapplicable ; Inapplicable ; Inapplicable ; Inapplicable ; Inapplicable ; Inapplicable ; Inapplicable ; Inapplicable ; Inapplicable ; Unchecked ; Inapplicable ; Inapplicable ;
; B[30]              ; Inapplicable ; Inapplicable ; Inapplicable ; Inapplicable ; Inapplicable ; Unchecked ; Inapplicable ; Inapplicable ; Unchecked ; Unchecked ; Inapplicable ; Inapplicable ; Inapplicable ; Inapplicable ; Unchecked    ; Inapplicable ; Inapplicable ; Pass         ; Inapplicable ; Inapplicable ; Inapplicable ; Inapplicable ; Inapplicable ; Inapplicable ; Inapplicable ; Inapplicable ; Inapplicable ; Unchecked ; Inapplicable ; Inapplicable ;
; B[31]              ; Inapplicable ; Inapplicable ; Inapplicable ; Inapplicable ; Inapplicable ; Unchecked ; Inapplicable ; Inapplicable ; Unchecked ; Unchecked ; Inapplicable ; Inapplicable ; Inapplicable ; Inapplicable ; Unchecked    ; Inapplicable ; Inapplicable ; Pass         ; Inapplicable ; Inapplicable ; Inapplicable ; Inapplicable ; Inapplicable ; Inapplicable ; Inapplicable ; Inapplicable ; Inapplicable ; Unchecked ; Inapplicable ; Inapplicable ;
; C[0]               ; Inapplicable ; Inapplicable ; Inapplicable ; Inapplicable ; Inapplicable ; Unchecked ; Inapplicable ; Inapplicable ; Unchecked ; Unchecked ; Inapplicable ; Inapplicable ; Inapplicable ; Inapplicable ; Unchecked    ; Inapplicable ; Inapplicable ; Pass         ; Inapplicable ; Inapplicable ; Inapplicable ; Inapplicable ; Inapplicable ; Inapplicable ; Inapplicable ; Inapplicable ; Inapplicable ; Unchecked ; Inapplicable ; Inapplicable ;
; C[1]               ; Inapplicable ; Inapplicable ; Inapplicable ; Inapplicable ; Inapplicable ; Unchecked ; Inapplicable ; Inapplicable ; Unchecked ; Unchecked ; Inapplicable ; Inapplicable ; Inapplicable ; Inapplicable ; Unchecked    ; Inapplicable ; Inapplicable ; Pass         ; Inapplicable ; Inapplicable ; Inapplicable ; Inapplicable ; Inapplicable ; Inapplicable ; Inapplicable ; Inapplicable ; Inapplicable ; Unchecked ; Inapplicable ; Inapplicable ;
; C[2]               ; Inapplicable ; Inapplicable ; Inapplicable ; Inapplicable ; Inapplicable ; Unchecked ; Inapplicable ; Inapplicable ; Unchecked ; Unchecked ; Inapplicable ; Inapplicable ; Inapplicable ; Inapplicable ; Unchecked    ; Inapplicable ; Inapplicable ; Pass         ; Inapplicable ; Inapplicable ; Inapplicable ; Inapplicable ; Inapplicable ; Inapplicable ; Inapplicable ; Inapplicable ; Inapplicable ; Unchecked ; Inapplicable ; Inapplicable ;
; C[3]               ; Inapplicable ; Inapplicable ; Inapplicable ; Inapplicable ; Inapplicable ; Unchecked ; Inapplicable ; Inapplicable ; Unchecked ; Unchecked ; Inapplicable ; Inapplicable ; Inapplicable ; Inapplicable ; Unchecked    ; Inapplicable ; Inapplicable ; Pass         ; Inapplicable ; Inapplicable ; Inapplicable ; Inapplicable ; Inapplicable ; Inapplicable ; Inapplicable ; Inapplicable ; Inapplicable ; Unchecked ; Inapplicable ; Inapplicable ;
; C[4]               ; Inapplicable ; Inapplicable ; Inapplicable ; Inapplicable ; Inapplicable ; Unchecked ; Inapplicable ; Inapplicable ; Unchecked ; Unchecked ; Inapplicable ; Inapplicable ; Inapplicable ; Inapplicable ; Unchecked    ; Inapplicable ; Inapplicable ; Pass         ; Inapplicable ; Inapplicable ; Inapplicable ; Inapplicable ; Inapplicable ; Inapplicable ; Inapplicable ; Inapplicable ; Inapplicable ; Unchecked ; Inapplicable ; Inapplicable ;
; C[5]               ; Inapplicable ; Inapplicable ; Inapplicable ; Inapplicable ; Inapplicable ; Unchecked ; Inapplicable ; Inapplicable ; Unchecked ; Unchecked ; Inapplicable ; Inapplicable ; Inapplicable ; Inapplicable ; Unchecked    ; Inapplicable ; Inapplicable ; Pass         ; Inapplicable ; Inapplicable ; Inapplicable ; Inapplicable ; Inapplicable ; Inapplicable ; Inapplicable ; Inapplicable ; Inapplicable ; Unchecked ; Inapplicable ; Inapplicable ;
; C[6]               ; Inapplicable ; Inapplicable ; Inapplicable ; Inapplicable ; Inapplicable ; Unchecked ; Inapplicable ; Inapplicable ; Unchecked ; Unchecked ; Inapplicable ; Inapplicable ; Inapplicable ; Inapplicable ; Unchecked    ; Inapplicable ; Inapplicable ; Pass         ; Inapplicable ; Inapplicable ; Inapplicable ; Inapplicable ; Inapplicable ; Inapplicable ; Inapplicable ; Inapplicable ; Inapplicable ; Unchecked ; Inapplicable ; Inapplicable ;
; C[7]               ; Inapplicable ; Inapplicable ; Inapplicable ; Inapplicable ; Inapplicable ; Unchecked ; Inapplicable ; Inapplicable ; Unchecked ; Unchecked ; Inapplicable ; Inapplicable ; Inapplicable ; Inapplicable ; Unchecked    ; Inapplicable ; Inapplicable ; Pass         ; Inapplicable ; Inapplicable ; Inapplicable ; Inapplicable ; Inapplicable ; Inapplicable ; Inapplicable ; Inapplicable ; Inapplicable ; Unchecked ; Inapplicable ; Inapplicable ;
; C[8]               ; Inapplicable ; Inapplicable ; Inapplicable ; Inapplicable ; Inapplicable ; Unchecked ; Inapplicable ; Inapplicable ; Unchecked ; Unchecked ; Inapplicable ; Inapplicable ; Inapplicable ; Inapplicable ; Unchecked    ; Inapplicable ; Inapplicable ; Pass         ; Inapplicable ; Inapplicable ; Inapplicable ; Inapplicable ; Inapplicable ; Inapplicable ; Inapplicable ; Inapplicable ; Inapplicable ; Unchecked ; Inapplicable ; Inapplicable ;
; C[9]               ; Inapplicable ; Inapplicable ; Inapplicable ; Inapplicable ; Inapplicable ; Unchecked ; Inapplicable ; Inapplicable ; Unchecked ; Unchecked ; Inapplicable ; Inapplicable ; Inapplicable ; Inapplicable ; Unchecked    ; Inapplicable ; Inapplicable ; Pass         ; Inapplicable ; Inapplicable ; Inapplicable ; Inapplicable ; Inapplicable ; Inapplicable ; Inapplicable ; Inapplicable ; Inapplicable ; Unchecked ; Inapplicable ; Inapplicable ;
; C[10]              ; Inapplicable ; Inapplicable ; Inapplicable ; Inapplicable ; Inapplicable ; Unchecked ; Inapplicable ; Inapplicable ; Unchecked ; Unchecked ; Inapplicable ; Inapplicable ; Inapplicable ; Inapplicable ; Unchecked    ; Inapplicable ; Inapplicable ; Pass         ; Inapplicable ; Inapplicable ; Inapplicable ; Inapplicable ; Inapplicable ; Inapplicable ; Inapplicable ; Inapplicable ; Inapplicable ; Unchecked ; Inapplicable ; Inapplicable ;
; C[11]              ; Inapplicable ; Inapplicable ; Inapplicable ; Inapplicable ; Inapplicable ; Unchecked ; Inapplicable ; Inapplicable ; Unchecked ; Unchecked ; Inapplicable ; Inapplicable ; Inapplicable ; Inapplicable ; Unchecked    ; Inapplicable ; Inapplicable ; Pass         ; Inapplicable ; Inapplicable ; Inapplicable ; Inapplicable ; Inapplicable ; Inapplicable ; Inapplicable ; Inapplicable ; Inapplicable ; Unchecked ; Inapplicable ; Inapplicable ;
; C[12]              ; Inapplicable ; Inapplicable ; Inapplicable ; Inapplicable ; Inapplicable ; Unchecked ; Inapplicable ; Inapplicable ; Unchecked ; Unchecked ; Inapplicable ; Inapplicable ; Inapplicable ; Inapplicable ; Unchecked    ; Inapplicable ; Inapplicable ; Pass         ; Inapplicable ; Inapplicable ; Inapplicable ; Inapplicable ; Inapplicable ; Inapplicable ; Inapplicable ; Inapplicable ; Inapplicable ; Unchecked ; Inapplicable ; Inapplicable ;
; C[13]              ; Inapplicable ; Inapplicable ; Inapplicable ; Inapplicable ; Inapplicable ; Unchecked ; Inapplicable ; Inapplicable ; Unchecked ; Unchecked ; Inapplicable ; Inapplicable ; Inapplicable ; Inapplicable ; Unchecked    ; Inapplicable ; Inapplicable ; Pass         ; Inapplicable ; Inapplicable ; Inapplicable ; Inapplicable ; Inapplicable ; Inapplicable ; Inapplicable ; Inapplicable ; Inapplicable ; Unchecked ; Inapplicable ; Inapplicable ;
; C[14]              ; Inapplicable ; Inapplicable ; Inapplicable ; Inapplicable ; Inapplicable ; Unchecked ; Inapplicable ; Inapplicable ; Unchecked ; Unchecked ; Inapplicable ; Inapplicable ; Inapplicable ; Inapplicable ; Unchecked    ; Inapplicable ; Inapplicable ; Pass         ; Inapplicable ; Inapplicable ; Inapplicable ; Inapplicable ; Inapplicable ; Inapplicable ; Inapplicable ; Inapplicable ; Inapplicable ; Unchecked ; Inapplicable ; Inapplicable ;
; C[15]              ; Inapplicable ; Inapplicable ; Inapplicable ; Inapplicable ; Inapplicable ; Unchecked ; Inapplicable ; Inapplicable ; Unchecked ; Unchecked ; Inapplicable ; Inapplicable ; Inapplicable ; Inapplicable ; Unchecked    ; Inapplicable ; Inapplicable ; Pass         ; Inapplicable ; Inapplicable ; Inapplicable ; Inapplicable ; Inapplicable ; Inapplicable ; Inapplicable ; Inapplicable ; Inapplicable ; Unchecked ; Inapplicable ; Inapplicable ;
; C[16]              ; Inapplicable ; Inapplicable ; Inapplicable ; Inapplicable ; Inapplicable ; Unchecked ; Inapplicable ; Inapplicable ; Unchecked ; Unchecked ; Inapplicable ; Inapplicable ; Inapplicable ; Inapplicable ; Unchecked    ; Inapplicable ; Inapplicable ; Pass         ; Inapplicable ; Inapplicable ; Inapplicable ; Inapplicable ; Inapplicable ; Inapplicable ; Inapplicable ; Inapplicable ; Inapplicable ; Unchecked ; Inapplicable ; Inapplicable ;
; C[17]              ; Inapplicable ; Inapplicable ; Inapplicable ; Inapplicable ; Inapplicable ; Unchecked ; Inapplicable ; Inapplicable ; Unchecked ; Unchecked ; Inapplicable ; Inapplicable ; Inapplicable ; Inapplicable ; Unchecked    ; Inapplicable ; Inapplicable ; Pass         ; Inapplicable ; Inapplicable ; Inapplicable ; Inapplicable ; Inapplicable ; Inapplicable ; Inapplicable ; Inapplicable ; Inapplicable ; Unchecked ; Inapplicable ; Inapplicable ;
; C[18]              ; Inapplicable ; Inapplicable ; Inapplicable ; Inapplicable ; Inapplicable ; Unchecked ; Inapplicable ; Inapplicable ; Unchecked ; Unchecked ; Inapplicable ; Inapplicable ; Inapplicable ; Inapplicable ; Unchecked    ; Inapplicable ; Inapplicable ; Pass         ; Inapplicable ; Inapplicable ; Inapplicable ; Inapplicable ; Inapplicable ; Inapplicable ; Inapplicable ; Inapplicable ; Inapplicable ; Unchecked ; Inapplicable ; Inapplicable ;
; C[19]              ; Inapplicable ; Inapplicable ; Inapplicable ; Inapplicable ; Inapplicable ; Unchecked ; Inapplicable ; Inapplicable ; Unchecked ; Unchecked ; Inapplicable ; Inapplicable ; Inapplicable ; Inapplicable ; Unchecked    ; Inapplicable ; Inapplicable ; Pass         ; Inapplicable ; Inapplicable ; Inapplicable ; Inapplicable ; Inapplicable ; Inapplicable ; Inapplicable ; Inapplicable ; Inapplicable ; Unchecked ; Inapplicable ; Inapplicable ;
; C[20]              ; Inapplicable ; Inapplicable ; Inapplicable ; Inapplicable ; Inapplicable ; Unchecked ; Inapplicable ; Inapplicable ; Unchecked ; Unchecked ; Inapplicable ; Inapplicable ; Inapplicable ; Inapplicable ; Unchecked    ; Inapplicable ; Inapplicable ; Pass         ; Inapplicable ; Inapplicable ; Inapplicable ; Inapplicable ; Inapplicable ; Inapplicable ; Inapplicable ; Inapplicable ; Inapplicable ; Unchecked ; Inapplicable ; Inapplicable ;
; C[21]              ; Inapplicable ; Inapplicable ; Inapplicable ; Inapplicable ; Inapplicable ; Unchecked ; Inapplicable ; Inapplicable ; Unchecked ; Unchecked ; Inapplicable ; Inapplicable ; Inapplicable ; Inapplicable ; Unchecked    ; Inapplicable ; Inapplicable ; Pass         ; Inapplicable ; Inapplicable ; Inapplicable ; Inapplicable ; Inapplicable ; Inapplicable ; Inapplicable ; Inapplicable ; Inapplicable ; Unchecked ; Inapplicable ; Inapplicable ;
; C[22]              ; Inapplicable ; Inapplicable ; Inapplicable ; Inapplicable ; Inapplicable ; Unchecked ; Inapplicable ; Inapplicable ; Unchecked ; Unchecked ; Inapplicable ; Inapplicable ; Inapplicable ; Inapplicable ; Unchecked    ; Inapplicable ; Inapplicable ; Pass         ; Inapplicable ; Inapplicable ; Inapplicable ; Inapplicable ; Inapplicable ; Inapplicable ; Inapplicable ; Inapplicable ; Inapplicable ; Unchecked ; Inapplicable ; Inapplicable ;
; C[23]              ; Inapplicable ; Inapplicable ; Inapplicable ; Inapplicable ; Inapplicable ; Unchecked ; Inapplicable ; Inapplicable ; Unchecked ; Unchecked ; Inapplicable ; Inapplicable ; Inapplicable ; Inapplicable ; Unchecked    ; Inapplicable ; Inapplicable ; Pass         ; Inapplicable ; Inapplicable ; Inapplicable ; Inapplicable ; Inapplicable ; Inapplicable ; Inapplicable ; Inapplicable ; Inapplicable ; Unchecked ; Inapplicable ; Inapplicable ;
; C[24]              ; Inapplicable ; Inapplicable ; Inapplicable ; Inapplicable ; Inapplicable ; Unchecked ; Inapplicable ; Inapplicable ; Unchecked ; Unchecked ; Inapplicable ; Inapplicable ; Inapplicable ; Inapplicable ; Unchecked    ; Inapplicable ; Inapplicable ; Pass         ; Inapplicable ; Inapplicable ; Inapplicable ; Inapplicable ; Inapplicable ; Inapplicable ; Inapplicable ; Inapplicable ; Inapplicable ; Unchecked ; Inapplicable ; Inapplicable ;
; C[25]              ; Inapplicable ; Inapplicable ; Inapplicable ; Inapplicable ; Inapplicable ; Unchecked ; Inapplicable ; Inapplicable ; Unchecked ; Unchecked ; Inapplicable ; Inapplicable ; Inapplicable ; Inapplicable ; Unchecked    ; Inapplicable ; Inapplicable ; Pass         ; Inapplicable ; Inapplicable ; Inapplicable ; Inapplicable ; Inapplicable ; Inapplicable ; Inapplicable ; Inapplicable ; Inapplicable ; Unchecked ; Inapplicable ; Inapplicable ;
; C[26]              ; Inapplicable ; Inapplicable ; Inapplicable ; Inapplicable ; Inapplicable ; Unchecked ; Inapplicable ; Inapplicable ; Unchecked ; Unchecked ; Inapplicable ; Inapplicable ; Inapplicable ; Inapplicable ; Unchecked    ; Inapplicable ; Inapplicable ; Pass         ; Inapplicable ; Inapplicable ; Inapplicable ; Inapplicable ; Inapplicable ; Inapplicable ; Inapplicable ; Inapplicable ; Inapplicable ; Unchecked ; Inapplicable ; Inapplicable ;
; C[27]              ; Inapplicable ; Inapplicable ; Inapplicable ; Inapplicable ; Inapplicable ; Unchecked ; Inapplicable ; Inapplicable ; Unchecked ; Unchecked ; Inapplicable ; Inapplicable ; Inapplicable ; Inapplicable ; Unchecked    ; Inapplicable ; Inapplicable ; Pass         ; Inapplicable ; Inapplicable ; Inapplicable ; Inapplicable ; Inapplicable ; Inapplicable ; Inapplicable ; Inapplicable ; Inapplicable ; Unchecked ; Inapplicable ; Inapplicable ;
; C[28]              ; Inapplicable ; Inapplicable ; Inapplicable ; Inapplicable ; Inapplicable ; Unchecked ; Inapplicable ; Inapplicable ; Unchecked ; Unchecked ; Inapplicable ; Inapplicable ; Inapplicable ; Inapplicable ; Unchecked    ; Inapplicable ; Inapplicable ; Pass         ; Inapplicable ; Inapplicable ; Inapplicable ; Inapplicable ; Inapplicable ; Inapplicable ; Inapplicable ; Inapplicable ; Inapplicable ; Unchecked ; Inapplicable ; Inapplicable ;
; C[29]              ; Inapplicable ; Inapplicable ; Inapplicable ; Inapplicable ; Inapplicable ; Unchecked ; Inapplicable ; Inapplicable ; Unchecked ; Unchecked ; Inapplicable ; Inapplicable ; Inapplicable ; Inapplicable ; Unchecked    ; Inapplicable ; Inapplicable ; Pass         ; Inapplicable ; Inapplicable ; Inapplicable ; Inapplicable ; Inapplicable ; Inapplicable ; Inapplicable ; Inapplicable ; Inapplicable ; Unchecked ; Inapplicable ; Inapplicable ;
; C[30]              ; Inapplicable ; Inapplicable ; Inapplicable ; Inapplicable ; Inapplicable ; Unchecked ; Inapplicable ; Inapplicable ; Unchecked ; Unchecked ; Inapplicable ; Inapplicable ; Inapplicable ; Inapplicable ; Unchecked    ; Inapplicable ; Inapplicable ; Pass         ; Inapplicable ; Inapplicable ; Inapplicable ; Inapplicable ; Inapplicable ; Inapplicable ; Inapplicable ; Inapplicable ; Inapplicable ; Unchecked ; Inapplicable ; Inapplicable ;
; C[31]              ; Inapplicable ; Inapplicable ; Inapplicable ; Inapplicable ; Inapplicable ; Unchecked ; Inapplicable ; Inapplicable ; Unchecked ; Unchecked ; Inapplicable ; Inapplicable ; Inapplicable ; Inapplicable ; Unchecked    ; Inapplicable ; Inapplicable ; Pass         ; Inapplicable ; Inapplicable ; Inapplicable ; Inapplicable ; Inapplicable ; Inapplicable ; Inapplicable ; Inapplicable ; Inapplicable ; Unchecked ; Inapplicable ; Inapplicable ;
; D[0]               ; Inapplicable ; Inapplicable ; Inapplicable ; Inapplicable ; Inapplicable ; Unchecked ; Inapplicable ; Inapplicable ; Unchecked ; Unchecked ; Inapplicable ; Inapplicable ; Inapplicable ; Inapplicable ; Unchecked    ; Inapplicable ; Inapplicable ; Pass         ; Inapplicable ; Inapplicable ; Inapplicable ; Inapplicable ; Inapplicable ; Inapplicable ; Inapplicable ; Inapplicable ; Inapplicable ; Unchecked ; Inapplicable ; Inapplicable ;
; D[1]               ; Inapplicable ; Inapplicable ; Inapplicable ; Inapplicable ; Inapplicable ; Unchecked ; Inapplicable ; Inapplicable ; Unchecked ; Unchecked ; Inapplicable ; Inapplicable ; Inapplicable ; Inapplicable ; Unchecked    ; Inapplicable ; Inapplicable ; Pass         ; Inapplicable ; Inapplicable ; Inapplicable ; Inapplicable ; Inapplicable ; Inapplicable ; Inapplicable ; Inapplicable ; Inapplicable ; Unchecked ; Inapplicable ; Inapplicable ;
; D[2]               ; Inapplicable ; Inapplicable ; Inapplicable ; Inapplicable ; Inapplicable ; Unchecked ; Inapplicable ; Inapplicable ; Unchecked ; Unchecked ; Inapplicable ; Inapplicable ; Inapplicable ; Inapplicable ; Unchecked    ; Inapplicable ; Inapplicable ; Pass         ; Inapplicable ; Inapplicable ; Inapplicable ; Inapplicable ; Inapplicable ; Inapplicable ; Inapplicable ; Inapplicable ; Inapplicable ; Unchecked ; Inapplicable ; Inapplicable ;
; D[3]               ; Inapplicable ; Inapplicable ; Inapplicable ; Inapplicable ; Inapplicable ; Unchecked ; Inapplicable ; Inapplicable ; Unchecked ; Unchecked ; Inapplicable ; Inapplicable ; Inapplicable ; Inapplicable ; Unchecked    ; Inapplicable ; Inapplicable ; Pass         ; Inapplicable ; Inapplicable ; Inapplicable ; Inapplicable ; Inapplicable ; Inapplicable ; Inapplicable ; Inapplicable ; Inapplicable ; Unchecked ; Inapplicable ; Inapplicable ;
; D[4]               ; Inapplicable ; Inapplicable ; Inapplicable ; Inapplicable ; Inapplicable ; Unchecked ; Inapplicable ; Inapplicable ; Unchecked ; Unchecked ; Inapplicable ; Inapplicable ; Inapplicable ; Inapplicable ; Unchecked    ; Inapplicable ; Inapplicable ; Pass         ; Inapplicable ; Inapplicable ; Inapplicable ; Inapplicable ; Inapplicable ; Inapplicable ; Inapplicable ; Inapplicable ; Inapplicable ; Unchecked ; Inapplicable ; Inapplicable ;
; D[5]               ; Inapplicable ; Inapplicable ; Inapplicable ; Inapplicable ; Inapplicable ; Unchecked ; Inapplicable ; Inapplicable ; Unchecked ; Unchecked ; Inapplicable ; Inapplicable ; Inapplicable ; Inapplicable ; Unchecked    ; Inapplicable ; Inapplicable ; Pass         ; Inapplicable ; Inapplicable ; Inapplicable ; Inapplicable ; Inapplicable ; Inapplicable ; Inapplicable ; Inapplicable ; Inapplicable ; Unchecked ; Inapplicable ; Inapplicable ;
; D[6]               ; Inapplicable ; Inapplicable ; Inapplicable ; Inapplicable ; Inapplicable ; Unchecked ; Inapplicable ; Inapplicable ; Unchecked ; Unchecked ; Inapplicable ; Inapplicable ; Inapplicable ; Inapplicable ; Unchecked    ; Inapplicable ; Inapplicable ; Pass         ; Inapplicable ; Inapplicable ; Inapplicable ; Inapplicable ; Inapplicable ; Inapplicable ; Inapplicable ; Inapplicable ; Inapplicable ; Unchecked ; Inapplicable ; Inapplicable ;
; D[7]               ; Inapplicable ; Inapplicable ; Inapplicable ; Inapplicable ; Inapplicable ; Unchecked ; Inapplicable ; Inapplicable ; Unchecked ; Unchecked ; Inapplicable ; Inapplicable ; Inapplicable ; Inapplicable ; Unchecked    ; Inapplicable ; Inapplicable ; Pass         ; Inapplicable ; Inapplicable ; Inapplicable ; Inapplicable ; Inapplicable ; Inapplicable ; Inapplicable ; Inapplicable ; Inapplicable ; Unchecked ; Inapplicable ; Inapplicable ;
; D[8]               ; Inapplicable ; Inapplicable ; Inapplicable ; Inapplicable ; Inapplicable ; Unchecked ; Inapplicable ; Inapplicable ; Unchecked ; Unchecked ; Inapplicable ; Inapplicable ; Inapplicable ; Inapplicable ; Unchecked    ; Inapplicable ; Inapplicable ; Pass         ; Inapplicable ; Inapplicable ; Inapplicable ; Inapplicable ; Inapplicable ; Inapplicable ; Inapplicable ; Inapplicable ; Inapplicable ; Unchecked ; Inapplicable ; Inapplicable ;
; D[9]               ; Inapplicable ; Inapplicable ; Inapplicable ; Inapplicable ; Inapplicable ; Unchecked ; Inapplicable ; Inapplicable ; Unchecked ; Unchecked ; Inapplicable ; Inapplicable ; Inapplicable ; Inapplicable ; Unchecked    ; Inapplicable ; Inapplicable ; Pass         ; Inapplicable ; Inapplicable ; Inapplicable ; Inapplicable ; Inapplicable ; Inapplicable ; Inapplicable ; Inapplicable ; Inapplicable ; Unchecked ; Inapplicable ; Inapplicable ;
; D[10]              ; Inapplicable ; Inapplicable ; Inapplicable ; Inapplicable ; Inapplicable ; Unchecked ; Inapplicable ; Inapplicable ; Unchecked ; Unchecked ; Inapplicable ; Inapplicable ; Inapplicable ; Inapplicable ; Unchecked    ; Inapplicable ; Inapplicable ; Pass         ; Inapplicable ; Inapplicable ; Inapplicable ; Inapplicable ; Inapplicable ; Inapplicable ; Inapplicable ; Inapplicable ; Inapplicable ; Unchecked ; Inapplicable ; Inapplicable ;
; D[11]              ; Inapplicable ; Inapplicable ; Inapplicable ; Inapplicable ; Inapplicable ; Unchecked ; Inapplicable ; Inapplicable ; Unchecked ; Unchecked ; Inapplicable ; Inapplicable ; Inapplicable ; Inapplicable ; Unchecked    ; Inapplicable ; Inapplicable ; Pass         ; Inapplicable ; Inapplicable ; Inapplicable ; Inapplicable ; Inapplicable ; Inapplicable ; Inapplicable ; Inapplicable ; Inapplicable ; Unchecked ; Inapplicable ; Inapplicable ;
; D[12]              ; Inapplicable ; Inapplicable ; Inapplicable ; Inapplicable ; Inapplicable ; Unchecked ; Inapplicable ; Inapplicable ; Unchecked ; Unchecked ; Inapplicable ; Inapplicable ; Inapplicable ; Inapplicable ; Unchecked    ; Inapplicable ; Inapplicable ; Pass         ; Inapplicable ; Inapplicable ; Inapplicable ; Inapplicable ; Inapplicable ; Inapplicable ; Inapplicable ; Inapplicable ; Inapplicable ; Unchecked ; Inapplicable ; Inapplicable ;
; D[13]              ; Inapplicable ; Inapplicable ; Inapplicable ; Inapplicable ; Inapplicable ; Unchecked ; Inapplicable ; Inapplicable ; Unchecked ; Unchecked ; Inapplicable ; Inapplicable ; Inapplicable ; Inapplicable ; Unchecked    ; Inapplicable ; Inapplicable ; Pass         ; Inapplicable ; Inapplicable ; Inapplicable ; Inapplicable ; Inapplicable ; Inapplicable ; Inapplicable ; Inapplicable ; Inapplicable ; Unchecked ; Inapplicable ; Inapplicable ;
; D[14]              ; Inapplicable ; Inapplicable ; Inapplicable ; Inapplicable ; Inapplicable ; Unchecked ; Inapplicable ; Inapplicable ; Unchecked ; Unchecked ; Inapplicable ; Inapplicable ; Inapplicable ; Inapplicable ; Unchecked    ; Inapplicable ; Inapplicable ; Pass         ; Inapplicable ; Inapplicable ; Inapplicable ; Inapplicable ; Inapplicable ; Inapplicable ; Inapplicable ; Inapplicable ; Inapplicable ; Unchecked ; Inapplicable ; Inapplicable ;
; D[15]              ; Inapplicable ; Inapplicable ; Inapplicable ; Inapplicable ; Inapplicable ; Unchecked ; Inapplicable ; Inapplicable ; Unchecked ; Unchecked ; Inapplicable ; Inapplicable ; Inapplicable ; Inapplicable ; Unchecked    ; Inapplicable ; Inapplicable ; Pass         ; Inapplicable ; Inapplicable ; Inapplicable ; Inapplicable ; Inapplicable ; Inapplicable ; Inapplicable ; Inapplicable ; Inapplicable ; Unchecked ; Inapplicable ; Inapplicable ;
; D[16]              ; Inapplicable ; Inapplicable ; Inapplicable ; Inapplicable ; Inapplicable ; Unchecked ; Inapplicable ; Inapplicable ; Unchecked ; Unchecked ; Inapplicable ; Inapplicable ; Inapplicable ; Inapplicable ; Unchecked    ; Inapplicable ; Inapplicable ; Pass         ; Inapplicable ; Inapplicable ; Inapplicable ; Inapplicable ; Inapplicable ; Inapplicable ; Inapplicable ; Inapplicable ; Inapplicable ; Unchecked ; Inapplicable ; Inapplicable ;
; D[17]              ; Inapplicable ; Inapplicable ; Inapplicable ; Inapplicable ; Inapplicable ; Unchecked ; Inapplicable ; Inapplicable ; Unchecked ; Unchecked ; Inapplicable ; Inapplicable ; Inapplicable ; Inapplicable ; Unchecked    ; Inapplicable ; Inapplicable ; Pass         ; Inapplicable ; Inapplicable ; Inapplicable ; Inapplicable ; Inapplicable ; Inapplicable ; Inapplicable ; Inapplicable ; Inapplicable ; Unchecked ; Inapplicable ; Inapplicable ;
; D[18]              ; Inapplicable ; Inapplicable ; Inapplicable ; Inapplicable ; Inapplicable ; Unchecked ; Inapplicable ; Inapplicable ; Unchecked ; Unchecked ; Inapplicable ; Inapplicable ; Inapplicable ; Inapplicable ; Unchecked    ; Inapplicable ; Inapplicable ; Pass         ; Inapplicable ; Inapplicable ; Inapplicable ; Inapplicable ; Inapplicable ; Inapplicable ; Inapplicable ; Inapplicable ; Inapplicable ; Unchecked ; Inapplicable ; Inapplicable ;
; D[19]              ; Inapplicable ; Inapplicable ; Inapplicable ; Inapplicable ; Inapplicable ; Unchecked ; Inapplicable ; Inapplicable ; Unchecked ; Unchecked ; Inapplicable ; Inapplicable ; Inapplicable ; Inapplicable ; Unchecked    ; Inapplicable ; Inapplicable ; Pass         ; Inapplicable ; Inapplicable ; Inapplicable ; Inapplicable ; Inapplicable ; Inapplicable ; Inapplicable ; Inapplicable ; Inapplicable ; Unchecked ; Inapplicable ; Inapplicable ;
; D[20]              ; Inapplicable ; Inapplicable ; Inapplicable ; Inapplicable ; Inapplicable ; Unchecked ; Inapplicable ; Inapplicable ; Unchecked ; Unchecked ; Inapplicable ; Inapplicable ; Inapplicable ; Inapplicable ; Unchecked    ; Inapplicable ; Inapplicable ; Pass         ; Inapplicable ; Inapplicable ; Inapplicable ; Inapplicable ; Inapplicable ; Inapplicable ; Inapplicable ; Inapplicable ; Inapplicable ; Unchecked ; Inapplicable ; Inapplicable ;
; D[21]              ; Inapplicable ; Inapplicable ; Inapplicable ; Inapplicable ; Inapplicable ; Unchecked ; Inapplicable ; Inapplicable ; Unchecked ; Unchecked ; Inapplicable ; Inapplicable ; Inapplicable ; Inapplicable ; Unchecked    ; Inapplicable ; Inapplicable ; Pass         ; Inapplicable ; Inapplicable ; Inapplicable ; Inapplicable ; Inapplicable ; Inapplicable ; Inapplicable ; Inapplicable ; Inapplicable ; Unchecked ; Inapplicable ; Inapplicable ;
; D[22]              ; Inapplicable ; Inapplicable ; Inapplicable ; Inapplicable ; Inapplicable ; Unchecked ; Inapplicable ; Inapplicable ; Unchecked ; Unchecked ; Inapplicable ; Inapplicable ; Inapplicable ; Inapplicable ; Unchecked    ; Inapplicable ; Inapplicable ; Pass         ; Inapplicable ; Inapplicable ; Inapplicable ; Inapplicable ; Inapplicable ; Inapplicable ; Inapplicable ; Inapplicable ; Inapplicable ; Unchecked ; Inapplicable ; Inapplicable ;
; D[23]              ; Inapplicable ; Inapplicable ; Inapplicable ; Inapplicable ; Inapplicable ; Unchecked ; Inapplicable ; Inapplicable ; Unchecked ; Unchecked ; Inapplicable ; Inapplicable ; Inapplicable ; Inapplicable ; Unchecked    ; Inapplicable ; Inapplicable ; Pass         ; Inapplicable ; Inapplicable ; Inapplicable ; Inapplicable ; Inapplicable ; Inapplicable ; Inapplicable ; Inapplicable ; Inapplicable ; Unchecked ; Inapplicable ; Inapplicable ;
; D[24]              ; Inapplicable ; Inapplicable ; Inapplicable ; Inapplicable ; Inapplicable ; Unchecked ; Inapplicable ; Inapplicable ; Unchecked ; Unchecked ; Inapplicable ; Inapplicable ; Inapplicable ; Inapplicable ; Unchecked    ; Inapplicable ; Inapplicable ; Pass         ; Inapplicable ; Inapplicable ; Inapplicable ; Inapplicable ; Inapplicable ; Inapplicable ; Inapplicable ; Inapplicable ; Inapplicable ; Unchecked ; Inapplicable ; Inapplicable ;
; D[25]              ; Inapplicable ; Inapplicable ; Inapplicable ; Inapplicable ; Inapplicable ; Unchecked ; Inapplicable ; Inapplicable ; Unchecked ; Unchecked ; Inapplicable ; Inapplicable ; Inapplicable ; Inapplicable ; Unchecked    ; Inapplicable ; Inapplicable ; Pass         ; Inapplicable ; Inapplicable ; Inapplicable ; Inapplicable ; Inapplicable ; Inapplicable ; Inapplicable ; Inapplicable ; Inapplicable ; Unchecked ; Inapplicable ; Inapplicable ;
; D[26]              ; Inapplicable ; Inapplicable ; Inapplicable ; Inapplicable ; Inapplicable ; Unchecked ; Inapplicable ; Inapplicable ; Unchecked ; Unchecked ; Inapplicable ; Inapplicable ; Inapplicable ; Inapplicable ; Unchecked    ; Inapplicable ; Inapplicable ; Pass         ; Inapplicable ; Inapplicable ; Inapplicable ; Inapplicable ; Inapplicable ; Inapplicable ; Inapplicable ; Inapplicable ; Inapplicable ; Unchecked ; Inapplicable ; Inapplicable ;
; D[27]              ; Inapplicable ; Inapplicable ; Inapplicable ; Inapplicable ; Inapplicable ; Unchecked ; Inapplicable ; Inapplicable ; Unchecked ; Unchecked ; Inapplicable ; Inapplicable ; Inapplicable ; Inapplicable ; Unchecked    ; Inapplicable ; Inapplicable ; Pass         ; Inapplicable ; Inapplicable ; Inapplicable ; Inapplicable ; Inapplicable ; Inapplicable ; Inapplicable ; Inapplicable ; Inapplicable ; Unchecked ; Inapplicable ; Inapplicable ;
; D[28]              ; Inapplicable ; Inapplicable ; Inapplicable ; Inapplicable ; Inapplicable ; Unchecked ; Inapplicable ; Inapplicable ; Unchecked ; Unchecked ; Inapplicable ; Inapplicable ; Inapplicable ; Inapplicable ; Unchecked    ; Inapplicable ; Inapplicable ; Pass         ; Inapplicable ; Inapplicable ; Inapplicable ; Inapplicable ; Inapplicable ; Inapplicable ; Inapplicable ; Inapplicable ; Inapplicable ; Unchecked ; Inapplicable ; Inapplicable ;
; D[29]              ; Inapplicable ; Inapplicable ; Inapplicable ; Inapplicable ; Inapplicable ; Unchecked ; Inapplicable ; Inapplicable ; Unchecked ; Unchecked ; Inapplicable ; Inapplicable ; Inapplicable ; Inapplicable ; Unchecked    ; Inapplicable ; Inapplicable ; Pass         ; Inapplicable ; Inapplicable ; Inapplicable ; Inapplicable ; Inapplicable ; Inapplicable ; Inapplicable ; Inapplicable ; Inapplicable ; Unchecked ; Inapplicable ; Inapplicable ;
; D[30]              ; Inapplicable ; Inapplicable ; Inapplicable ; Inapplicable ; Inapplicable ; Unchecked ; Inapplicable ; Inapplicable ; Unchecked ; Unchecked ; Inapplicable ; Inapplicable ; Inapplicable ; Inapplicable ; Unchecked    ; Inapplicable ; Inapplicable ; Pass         ; Inapplicable ; Inapplicable ; Inapplicable ; Inapplicable ; Inapplicable ; Inapplicable ; Inapplicable ; Inapplicable ; Inapplicable ; Unchecked ; Inapplicable ; Inapplicable ;
; D[31]              ; Inapplicable ; Inapplicable ; Inapplicable ; Inapplicable ; Inapplicable ; Unchecked ; Inapplicable ; Inapplicable ; Unchecked ; Unchecked ; Inapplicable ; Inapplicable ; Inapplicable ; Inapplicable ; Unchecked    ; Inapplicable ; Inapplicable ; Pass         ; Inapplicable ; Inapplicable ; Inapplicable ; Inapplicable ; Inapplicable ; Inapplicable ; Inapplicable ; Inapplicable ; Inapplicable ; Unchecked ; Inapplicable ; Inapplicable ;
; start_button       ; Inapplicable ; Inapplicable ; Inapplicable ; Inapplicable ; Inapplicable ; Unchecked ; Inapplicable ; Inapplicable ; Unchecked ; Unchecked ; Inapplicable ; Inapplicable ; Inapplicable ; Inapplicable ; Unchecked    ; Inapplicable ; Inapplicable ; Pass         ; Inapplicable ; Inapplicable ; Inapplicable ; Inapplicable ; Inapplicable ; Inapplicable ; Inapplicable ; Inapplicable ; Inapplicable ; Unchecked ; Inapplicable ; Inapplicable ;
+--------------------+--------------+--------------+--------------+--------------+--------------+-----------+--------------+--------------+-----------+-----------+--------------+--------------+--------------+--------------+--------------+--------------+--------------+--------------+--------------+--------------+--------------+--------------+--------------+--------------+--------------+--------------+--------------+-----------+--------------+--------------+


+---------------------------------------------------------------------------------------------+
; Fitter Device Options                                                                       ;
+------------------------------------------------------------------+--------------------------+
; Option                                                           ; Setting                  ;
+------------------------------------------------------------------+--------------------------+
; Enable user-supplied start-up clock (CLKUSR)                     ; Off                      ;
; Enable device-wide reset (DEV_CLRn)                              ; Off                      ;
; Enable device-wide output enable (DEV_OE)                        ; Off                      ;
; Enable INIT_DONE output                                          ; Off                      ;
; Configuration scheme                                             ; Active Serial            ;
; Error detection CRC                                              ; Off                      ;
; Enable open drain on CRC_ERROR pin                               ; Off                      ;
; Enable input tri-state on active configuration pins in user mode ; Off                      ;
; Configuration Voltage Level                                      ; Auto                     ;
; Force Configuration Voltage Level                                ; Off                      ;
; nCEO                                                             ; As output driving ground ;
; Data[0]                                                          ; As input tri-stated      ;
; Data[1]/ASDO                                                     ; As input tri-stated      ;
; Data[7..2]                                                       ; Unreserved               ;
; FLASH_nCE/nCSO                                                   ; As input tri-stated      ;
; Other Active Parallel pins                                       ; Unreserved               ;
; DCLK                                                             ; As output driving ground ;
+------------------------------------------------------------------+--------------------------+


+------------------------------------+
; Operating Settings and Conditions  ;
+---------------------------+--------+
; Setting                   ; Value  ;
+---------------------------+--------+
; Nominal Core Voltage      ; 1.00 V ;
; Low Junction Temperature  ; 0 °C   ;
; High Junction Temperature ; 85 °C  ;
+---------------------------+--------+


+-----------------+
; Fitter Messages ;
+-----------------+
Warning (18236): Number of processors has not been specified which may cause overloading on shared machines.  Set the global assignment NUM_PARALLEL_PROCESSORS in your QSF to an appropriate value for best performance.
Info (20030): Parallel compilation is enabled and will use 12 of the 12 processors detected
Info (119006): Selected device EP4CE15F17C9L for design "QuarterRound_ref"
Info (21077): Low junction temperature is 0 degrees C
Info (21077): High junction temperature is 85 degrees C
Info (171003): Fitter is performing an Auto Fit compilation, which may decrease Fitter effort to reduce compilation time
Warning (292013): Feature LogicLock is only available with a valid subscription license. You can purchase a software subscription to gain full access to this feature.
Info (176444): Device migration not selected. If you intend to use device migration later, you may need to change the pin assignments as they may be incompatible with other devices
    Info (176445): Device EP4CE10F17C9L is compatible
    Info (176445): Device EP4CE6F17C9L is compatible
    Info (176445): Device EP4CE22F17C9L is compatible
Info (169124): Fitter converted 5 user pins into dedicated programming pins
    Info (169125): Pin ~ALTERA_ASDO_DATA1~ is reserved at location C1
    Info (169125): Pin ~ALTERA_FLASH_nCE_nCSO~ is reserved at location D2
    Info (169125): Pin ~ALTERA_DCLK~ is reserved at location H1
    Info (169125): Pin ~ALTERA_DATA0~ is reserved at location H2
    Info (169125): Pin ~ALTERA_nCEO~ is reserved at location F16
Warning (15714): Some pins have incomplete I/O assignments. Refer to the I/O Assignment Warnings report for details
Critical Warning (169085): No exact pin location assignment(s) for 259 pins of 259 total pins. For the list of pins please refer to the I/O Assignment Warnings table in the fitter report.
Critical Warning (332012): Synopsys Design Constraints File file not found: 'QuarterRound_ref.sdc'. A Synopsys Design Constraints File is required by the Timing Analyzer to get proper timing constraints. Without it, the Compiler will not properly optimize the design.
Info (332144): No user constrained base clocks found in the design
Info (332143): No user constrained clock uncertainty found in the design. Calling "derive_clock_uncertainty"
Info (332154): The derive_clock_uncertainty command did not apply clock uncertainty to any clock-to-clock transfers.
Info (332130): Timing requirements not specified -- quality metrics such as performance may be sacrificed to reduce compilation time.
Info (176353): Automatically promoted node clock~input (placed in PIN E1 (CLK1, DIFFCLK_0n)) File: C:/Users/dharm/OneDrive/Documents/Tugas Besar Sistem Digital/Tugas-Besar-Sistem-Digital-Chacha20-Encryption/revisi/QuarterRound_ref.vhd Line: 10
    Info (176355): Automatically promoted destinations to use location or clock signal Global Clock CLKCTRL_G2
Info (176353): Automatically promoted node stop_button~input (placed in PIN M2 (CLK2, DIFFCLK_1p)) File: C:/Users/dharm/OneDrive/Documents/Tugas Besar Sistem Digital/Tugas-Besar-Sistem-Digital-Chacha20-Encryption/revisi/QuarterRound_ref.vhd Line: 8
    Info (176355): Automatically promoted destinations to use location or clock signal Global Clock CLKCTRL_G4
    Info (176356): Following destination nodes may be non-global or may not use global or regional clocks
        Info (176357): Destination node Register32bit_A:reg_A|v_data[0] File: C:/Users/dharm/OneDrive/Documents/Tugas Besar Sistem Digital/Tugas-Besar-Sistem-Digital-Chacha20-Encryption/revisi/Register32bit_A.vhd Line: 24
        Info (176357): Destination node Register32bit_A:reg_A|v_data[1] File: C:/Users/dharm/OneDrive/Documents/Tugas Besar Sistem Digital/Tugas-Besar-Sistem-Digital-Chacha20-Encryption/revisi/Register32bit_A.vhd Line: 24
        Info (176357): Destination node Register32bit_A:reg_A|v_data[2] File: C:/Users/dharm/OneDrive/Documents/Tugas Besar Sistem Digital/Tugas-Besar-Sistem-Digital-Chacha20-Encryption/revisi/Register32bit_A.vhd Line: 24
        Info (176357): Destination node Register32bit_A:reg_A|v_data[3] File: C:/Users/dharm/OneDrive/Documents/Tugas Besar Sistem Digital/Tugas-Besar-Sistem-Digital-Chacha20-Encryption/revisi/Register32bit_A.vhd Line: 24
        Info (176357): Destination node Register32bit_A:reg_A|v_data[4] File: C:/Users/dharm/OneDrive/Documents/Tugas Besar Sistem Digital/Tugas-Besar-Sistem-Digital-Chacha20-Encryption/revisi/Register32bit_A.vhd Line: 24
        Info (176357): Destination node Register32bit_A:reg_A|v_data[5] File: C:/Users/dharm/OneDrive/Documents/Tugas Besar Sistem Digital/Tugas-Besar-Sistem-Digital-Chacha20-Encryption/revisi/Register32bit_A.vhd Line: 24
        Info (176357): Destination node Register32bit_A:reg_A|v_data[6] File: C:/Users/dharm/OneDrive/Documents/Tugas Besar Sistem Digital/Tugas-Besar-Sistem-Digital-Chacha20-Encryption/revisi/Register32bit_A.vhd Line: 24
        Info (176357): Destination node Register32bit_A:reg_A|v_data[7] File: C:/Users/dharm/OneDrive/Documents/Tugas Besar Sistem Digital/Tugas-Besar-Sistem-Digital-Chacha20-Encryption/revisi/Register32bit_A.vhd Line: 24
        Info (176357): Destination node Register32bit_A:reg_A|v_data[8] File: C:/Users/dharm/OneDrive/Documents/Tugas Besar Sistem Digital/Tugas-Besar-Sistem-Digital-Chacha20-Encryption/revisi/Register32bit_A.vhd Line: 24
        Info (176357): Destination node Register32bit_A:reg_A|v_data[9] File: C:/Users/dharm/OneDrive/Documents/Tugas Besar Sistem Digital/Tugas-Besar-Sistem-Digital-Chacha20-Encryption/revisi/Register32bit_A.vhd Line: 24
        Info (176358): Non-global destination nodes limited to 10 nodes
Info (176233): Starting register packing
Info (176235): Finished register packing
    Extra Info (176219): No registers were packed into other blocks
Info (176214): Statistics of I/O pins that need to be placed that use the same VCCIO and VREF, before I/O pin placement
    Info (176211): Number of I/O pins in group: 257 (unused VREF, 2.5V VCCIO, 129 input, 128 output, 0 bidirectional)
        Info (176212): I/O standards used: 2.5 V.
Info (176215): I/O bank details before I/O pin placement
    Info (176214): Statistics of I/O banks
        Info (176213): I/O bank number 1 does not use VREF pins and has undetermined VCCIO pins. 5 total pin(s) used --  9 pins available
        Info (176213): I/O bank number 2 does not use VREF pins and has undetermined VCCIO pins. 1 total pin(s) used --  17 pins available
        Info (176213): I/O bank number 3 does not use VREF pins and has undetermined VCCIO pins. 0 total pin(s) used --  25 pins available
        Info (176213): I/O bank number 4 does not use VREF pins and has undetermined VCCIO pins. 0 total pin(s) used --  27 pins available
        Info (176213): I/O bank number 5 does not use VREF pins and has undetermined VCCIO pins. 0 total pin(s) used --  20 pins available
        Info (176213): I/O bank number 6 does not use VREF pins and has undetermined VCCIO pins. 1 total pin(s) used --  13 pins available
        Info (176213): I/O bank number 7 does not use VREF pins and has undetermined VCCIO pins. 0 total pin(s) used --  24 pins available
        Info (176213): I/O bank number 8 does not use VREF pins and has undetermined VCCIO pins. 0 total pin(s) used --  24 pins available
Info (176215): I/O bank details after I/O pin placement
    Info (176214): Statistics of I/O banks
        Info (176213): I/O bank number 1 does not use VREF pins and has undetermined VCCIO pins. 5 total pin(s) used --  9 pins available
        Info (176213): I/O bank number 2 does not use VREF pins and has undetermined VCCIO pins. 1 total pin(s) used --  17 pins available
        Info (176213): I/O bank number 3 does not use VREF pins and has undetermined VCCIO pins. 0 total pin(s) used --  25 pins available
        Info (176213): I/O bank number 4 does not use VREF pins and has undetermined VCCIO pins. 0 total pin(s) used --  27 pins available
        Info (176213): I/O bank number 5 does not use VREF pins and has undetermined VCCIO pins. 0 total pin(s) used --  20 pins available
        Info (176213): I/O bank number 6 does not use VREF pins and has undetermined VCCIO pins. 1 total pin(s) used --  13 pins available
        Info (176213): I/O bank number 7 does not use VREF pins and has undetermined VCCIO pins. 0 total pin(s) used --  24 pins available
        Info (176213): I/O bank number 8 does not use VREF pins and has undetermined VCCIO pins. 0 total pin(s) used --  24 pins available
Error (176205): Can't place 257 pins with 2.5 V I/O standard because Fitter has only 159 such free pins available for general purpose I/O placement
Error (176204): Can't place pins due to device constraints
Info (171121): Fitter preparation operations ending: elapsed time is 00:00:03
Error (171000): Can't fit design in device
Info (144001): Generated suppressed messages file C:/Users/dharm/OneDrive/Documents/Tugas Besar Sistem Digital/Tugas-Besar-Sistem-Digital-Chacha20-Encryption/revisi/output_files/QuarterRound_ref.fit.smsg
Error: Quartus Prime Fitter was unsuccessful. 3 errors, 5 warnings
    Error: Peak virtual memory: 5301 megabytes
    Error: Processing ended: Sat Dec  7 15:53:14 2024
    Error: Elapsed time: 00:00:07
    Error: Total CPU time (on all processors): 00:00:03


+----------------------------+
; Fitter Suppressed Messages ;
+----------------------------+
The suppressed messages can be found in C:/Users/dharm/OneDrive/Documents/Tugas Besar Sistem Digital/Tugas-Besar-Sistem-Digital-Chacha20-Encryption/revisi/output_files/QuarterRound_ref.fit.smsg.


